s1_name,patch_id,latitude,longitude,country,season,climate_zone
S1B_IW_GRDH_1SDV_20170612T165809_33UUP_32_64,S2A_MSIL2A_20170613T101031_N9999_R022_T33UUP_32_64,48.036373931368665,12.840120739738445,Austria,Summer,"Cold, no dry season, warm summer"
S1B_IW_GRDH_1SDV_20170612T165809_33UUP_34_57,S2A_MSIL2A_20170613T101031_N9999_R022_T33UUP_34_57,48.11249768309926,12.869177175996546,Austria,Summer,"Cold, no dry season, warm summer"
S1B_IW_GRDH_1SDV_20170612T165809_33UUP_40_52,S2A_MSIL2A_20170613T101031_N9999_R022_T33UUP_40_52,48.16819780763097,12.963712562299445,Austria,Summer,"Cold, no dry season, warm summer"
S1B_IW_GRDH_1SDV_20170612T165809_33UUP_42_58,S2A_MSIL2A_20170613T101031_N9999_R022_T33UUP_42_58,48.10402637807036,12.99849001214938,Austria,Summer,"Cold, no dry season, warm summer"
S1A_IW_GRDH_1SDV_20170613T165043_33UUP_64_47,S2A_MSIL2A_20170613T101031_N9999_R022_T33UUP_64_47,48.228365102485135,13.349145119363795,Austria,Summer,"Cold, no dry season, warm summer"
S1A_IW_GRDH_1SDV_20170613T165043_33UUP_66_66,S2A_MSIL2A_20170613T101031_N9999_R022_T33UUP_66_66,48.02377478383745,13.38787983539976,Austria,Summer,"Cold, no dry season, warm summer"
S1B_IW_GRDH_1SDV_20170613T160455_34VER_23_61,S2A_MSIL2A_20170613T101031_N9999_R022_T34VER_23_61,63.363731490608124,21.563365374020968,Finland,Summer,"Cold, no dry season, warm summer"
S1B_IW_GRDH_1SDV_20170613T160455_34VER_25_67,S2A_MSIL2A_20170613T101031_N9999_R022_T34VER_25_67,63.29891877740277,21.60997292335269,Finland,Summer,"Cold, no dry season, warm summer"
S1B_IW_GRDH_1SDV_20170613T160455_34VER_26_41,S2A_MSIL2A_20170613T101031_N9999_R022_T34VER_26_41,63.57880850981495,21.640126263316876,Finland,Summer,"Cold, no dry season, warm summer"
S1B_IW_GRDH_1SDV_20170613T160455_34VER_26_65,S2A_MSIL2A_20170613T101031_N9999_R022_T34VER_26_65,63.32035275767521,21.634380900603286,Finland,Summer,"Cold, no dry season, warm summer"
S1B_IW_GRDH_1SDV_20170613T160455_34VER_27_52,S2A_MSIL2A_20170613T101031_N9999_R022_T34VER_27_52,63.46024160851031,21.66154753980453,Finland,Summer,"Cold, no dry season, warm summer"
S1B_IW_GRDH_1SDV_20170613T160455_34VER_28_41,S2A_MSIL2A_20170613T101031_N9999_R022_T34VER_28_41,63.57858487429954,21.68846403721691,Finland,Summer,"Cold, no dry season, warm summer"
S1B_IW_GRDH_1SDV_20170613T160455_34VER_31_50,S2A_MSIL2A_20170613T101031_N9999_R022_T34VER_31_50,63.48130162519826,21.75839161685989,Finland,Summer,"Cold, no dry season, warm summer"
S1B_IW_GRDH_1SDV_20170613T160455_34VER_34_45,S2A_MSIL2A_20170613T101031_N9999_R022_T34VER_34_45,63.53474291651772,21.832214527936337,Finland,Summer,"Cold, no dry season, warm summer"
S1B_IW_GRDH_1SDV_20170613T044822_34VER_37_55,S2A_MSIL2A_20170613T101031_N9999_R022_T34VER_37_55,63.4266218479774,21.901209229763015,Finland,Summer,"Cold, no dry season, warm summer"
S1B_IW_GRDH_1SDV_20170613T044822_34VER_40_49,S2A_MSIL2A_20170613T101031_N9999_R022_T34VER_40_49,63.49075768435824,21.975523092914578,Finland,Summer,"Cold, no dry season, warm summer"
S1B_IW_GRDH_1SDV_20170613T044822_34VER_43_67,S2A_MSIL2A_20170613T101031_N9999_R022_T34VER_43_67,63.29642408154609,22.040756066884736,Finland,Summer,"Cold, no dry season, warm summer"
S1B_IW_GRDH_1SDV_20170613T044822_34VER_44_31,S2A_MSIL2A_20170613T101031_N9999_R022_T34VER_44_31,63.683884859168906,22.079207592368455,Finland,Summer,"Cold, no dry season, warm summer"
S1B_IW_GRDH_1SDV_20170613T044822_34VER_46_34,S2A_MSIL2A_20170613T101031_N9999_R022_T34VER_46_34,63.651211333334906,22.126436133030115,Finland,Summer,"Cold, no dry season, warm summer"
S1B_IW_GRDH_1SDV_20170613T044822_34VER_47_28,S2A_MSIL2A_20170613T101031_N9999_R022_T34VER_47_28,63.715622326780085,22.153286492391544,Finland,Summer,"Cold, no dry season, warm summer"
S1B_IW_GRDH_1SDV_20170613T044822_34VER_47_66,S2A_MSIL2A_20170613T101031_N9999_R022_T34VER_47_66,63.30646068106251,22.136897063765826,Finland,Summer,"Cold, no dry season, warm summer"
S1B_IW_GRDH_1SDV_20170613T044822_34VER_50_41,S2A_MSIL2A_20170613T101031_N9999_R022_T34VER_50_41,63.57505111000737,22.22010763075515,Finland,Summer,"Cold, no dry season, warm summer"
S1B_IW_GRDH_1SDV_20170613T044822_34VER_51_51,S2A_MSIL2A_20170613T101031_N9999_R022_T34VER_51_51,63.46717354908637,22.23958966232822,Finland,Summer,"Cold, no dry season, warm summer"
S1B_IW_GRDH_1SDV_20170613T044822_34VER_54_50,S2A_MSIL2A_20170613T101031_N9999_R022_T34VER_54_50,63.47729680565597,22.312293373620623,Finland,Summer,"Cold, no dry season, warm summer"
S1B_IW_GRDH_1SDV_20170613T044822_34VER_54_64,S2A_MSIL2A_20170613T101031_N9999_R022_T34VER_54_64,63.326559959814965,22.305424528740264,Finland,Summer,"Cold, no dry season, warm summer"
S1B_IW_GRDH_1SDV_20170613T044822_34VER_54_66,S2A_MSIL2A_20170613T101031_N9999_R022_T34VER_54_66,63.30502582921572,22.304449864200574,Finland,Summer,"Cold, no dry season, warm summer"
S1B_IW_GRDH_1SDV_20170613T044822_34VER_55_44,S2A_MSIL2A_20170613T101031_N9999_R022_T34VER_55_44,63.54167386613499,22.33939491224737,Finland,Summer,"Cold, no dry season, warm summer"
S1B_IW_GRDH_1SDV_20170613T044822_34VER_58_54,S2A_MSIL2A_20170613T101031_N9999_R022_T34VER_58_54,63.43331608639576,22.406488844542782,Finland,Summer,"Cold, no dry season, warm summer"
S1B_IW_GRDH_1SDV_20170613T044822_34VER_60_39,S2A_MSIL2A_20170613T101031_N9999_R022_T34VER_60_39,63.59432615575392,22.46281115753233,Finland,Summer,"Cold, no dry season, warm summer"
S1B_IW_GRDH_1SDV_20170613T044822_34VER_60_54,S2A_MSIL2A_20170613T101031_N9999_R022_T34VER_60_54,63.43283513661111,22.45456934312231,Finland,Summer,"Cold, no dry season, warm summer"
S1B_IW_GRDH_1SDV_20170613T044822_34VER_60_66,S2A_MSIL2A_20170613T101031_N9999_R022_T34VER_60_66,63.30363925254996,22.448050678844396,Finland,Summer,"Cold, no dry season, warm summer"
S1B_IW_GRDH_1SDV_20170613T044822_34VER_61_31,S2A_MSIL2A_20170613T101031_N9999_R022_T34VER_61_31,63.68020374838928,22.491498812843197,Finland,Summer,"Cold, no dry season, warm summer"
S1B_IW_GRDH_1SDV_20170613T044822_34VER_61_38,S2A_MSIL2A_20170613T101031_N9999_R022_T34VER_61_38,63.6048436816402,22.48754913362119,Finland,Summer,"Cold, no dry season, warm summer"
S1B_IW_GRDH_1SDV_20170613T044822_34VER_61_39,S2A_MSIL2A_20170613T101031_N9999_R022_T34VER_61_39,63.59407788179201,22.486986809862717,Finland,Summer,"Cold, no dry season, warm summer"
S1B_IW_GRDH_1SDV_20170613T044822_34VER_61_40,S2A_MSIL2A_20170613T101031_N9999_R022_T34VER_61_40,63.583312062933175,22.48642496338955,Finland,Summer,"Cold, no dry season, warm summer"
S1B_IW_GRDH_1SDV_20170613T044822_34VER_61_42,S2A_MSIL2A_20170613T101031_N9999_R022_T34VER_61_42,63.56178036817818,22.485302699979798,Finland,Summer,"Cold, no dry season, warm summer"
S1B_IW_GRDH_1SDV_20170613T044822_34VER_62_23,S2A_MSIL2A_20170613T101031_N9999_R022_T34VER_62_23,63.766074149013335,22.520363912139395,Finland,Summer,"Cold, no dry season, warm summer"
S1B_IW_GRDH_1SDV_20170613T044822_34VER_62_32,S2A_MSIL2A_20170613T101031_N9999_R022_T34VER_62_32,63.66918490768345,22.515172406155326,Finland,Summer,"Cold, no dry season, warm summer"
S1B_IW_GRDH_1SDV_20170613T044822_34VER_62_66,S2A_MSIL2A_20170613T101031_N9999_R022_T34VER_62_66,63.30314492134459,22.495914061399173,Finland,Summer,"Cold, no dry season, warm summer"
S1B_IW_GRDH_1SDV_20170613T044822_34VER_66_25,S2A_MSIL2A_20170613T101031_N9999_R022_T34VER_66_25,63.743486353220035,22.616416810451263,Finland,Summer,"Cold, no dry season, warm summer"
S1B_IW_GRDH_1SDV_20170613T044822_34VER_66_34,S2A_MSIL2A_20170613T101031_N9999_R022_T34VER_66_34,63.64660123902409,22.610902862294573,Finland,Summer,"Cold, no dry season, warm summer"
S1A_IW_GRDH_1SDV_20170617T064724_29UPU_24_37,S2A_MSIL2A_20170617T113321_N9999_R080_T29UPU_24_37,52.829566089416836,-7.079290725003096,Ireland,Summer,"Temperate, no dry season, warm summer"
S1A_IW_GRDH_1SDV_20170617T064724_29UPU_31_47,S2A_MSIL2A_20170617T113321_N9999_R080_T29UPU_31_47,52.719675287464696,-6.9597406747874295,Ireland,Summer,"Temperate, no dry season, warm summer"
S1A_IW_GRDH_1SDV_20170617T064724_29UPU_31_52,S2A_MSIL2A_20170617T113321_N9999_R080_T29UPU_31_52,52.66577008092804,-6.962253041381423,Ireland,Summer,"Temperate, no dry season, warm summer"
S1A_IW_GRDH_1SDV_20170617T064724_29UPU_34_55,S2A_MSIL2A_20170617T113321_N9999_R080_T29UPU_34_55,52.63250081949433,-6.910598147863212,Ireland,Summer,"Temperate, no dry season, warm summer"
S1A_IW_GRDH_1SDV_20170617T064724_29UPU_35_32,S2A_MSIL2A_20170617T113321_N9999_R080_T29UPU_35_32,52.88013654913823,-6.880874975609562,Ireland,Summer,"Temperate, no dry season, warm summer"
S1A_IW_GRDH_1SDV_20170617T064724_29UPU_36_23,S2A_MSIL2A_20170617T113321_N9999_R080_T29UPU_36_23,52.97683644003206,-6.858270386639253,Ireland,Summer,"Temperate, no dry season, warm summer"
S1A_IW_GRDH_1SDV_20170617T064724_29UPU_38_45,S2A_MSIL2A_20170617T113321_N9999_R080_T29UPU_38_45,52.739031250387974,-6.834396202034435,Ireland,Summer,"Temperate, no dry season, warm summer"
S1A_IW_GRDH_1SDV_20170617T064724_29UPU_38_49,S2A_MSIL2A_20170617T113321_N9999_R080_T29UPU_38_49,52.69591073666084,-6.836531688735711,Ireland,Summer,"Temperate, no dry season, warm summer"
S1A_IW_GRDH_1SDV_20170617T064724_29UPU_49_34,S2A_MSIL2A_20170617T113321_N9999_R080_T29UPU_49_34,52.853865103134815,-6.632611247958051,Ireland,Summer,"Temperate, no dry season, warm summer"
S1A_IW_GRDH_1SDV_20170617T064724_29UPU_51_51,S2A_MSIL2A_20170617T113321_N9999_R080_T29UPU_51_51,52.66991834036294,-6.607070763014847,Ireland,Summer,"Temperate, no dry season, warm summer"
S1A_IW_GRDH_1SDV_20170617T064724_29UPU_53_27,S2A_MSIL2A_20170617T113321_N9999_R080_T29UPU_53_27,52.927867055127734,-6.5571515575916015,Ireland,Summer,"Temperate, no dry season, warm summer"
S1A_IW_GRDH_1SDV_20170617T064724_29UPU_53_47,S2A_MSIL2A_20170617T113321_N9999_R080_T29UPU_53_47,52.71230943066175,-6.569216073803148,Ireland,Summer,"Temperate, no dry season, warm summer"
S1B_IW_GRDH_1SDV_20170616T180538_29UPU_55_23,S2A_MSIL2A_20170617T113321_N9999_R080_T29UPU_55_23,52.9702371879024,-6.519015452416433,Ireland,Summer,"Temperate, no dry season, warm summer"
S1A_IW_GRDH_1SDV_20170617T064724_29UPU_55_24,S2A_MSIL2A_20170617T113321_N9999_R080_T29UPU_55_24,52.959459925498294,-6.519632756117852,Ireland,Summer,"Temperate, no dry season, warm summer"
S1A_IW_GRDH_1SDV_20170617T064724_29UPU_55_32,S2A_MSIL2A_20170617T113321_N9999_R080_T29UPU_55_32,52.87324093786418,-6.524557012922566,Ireland,Summer,"Temperate, no dry season, warm summer"
S1A_IW_GRDH_1SDV_20170617T064724_29UPU_55_55,S2A_MSIL2A_20170617T113321_N9999_R080_T29UPU_55_55,52.625352559363336,-6.538575170050467,Ireland,Summer,"Temperate, no dry season, warm summer"
S1A_IW_GRDH_1SDV_20170617T064659_29UPU_58_23,S2A_MSIL2A_20170617T113321_N9999_R080_T29UPU_58_23,52.96910677388782,-6.465461415040855,Ireland,Summer,"Temperate, no dry season, cold summer"
S1A_IW_GRDH_1SDV_20170617T064724_29UPU_58_28,S2A_MSIL2A_20170617T113321_N9999_R080_T29UPU_58_28,52.91522240986163,-6.468610360529573,Ireland,Summer,"Temperate, no dry season, warm summer"
S1A_IW_GRDH_1SDV_20170617T064724_29UPU_58_34,S2A_MSIL2A_20170617T113321_N9999_R080_T29UPU_58_34,52.85056035166302,-6.4723758471556945,Ireland,Summer,"Temperate, no dry season, warm summer"
S1A_IW_GRDH_1SDV_20170617T064724_29UPU_60_43,S2A_MSIL2A_20170617T113321_N9999_R080_T29UPU_60_43,52.75280451789218,-6.442472559552287,Ireland,Summer,"Temperate, no dry season, warm summer"
S1A_IW_GRDH_1SDV_20170617T064724_29UPU_62_35,S2A_MSIL2A_20170617T113321_N9999_R080_T29UPU_62_35,52.838245723054165,-6.40181415273497,Ireland,Summer,"Temperate, no dry season, warm summer"
S1B_IW_GRDH_1SDV_20170629T153202_35VPK_31_50,S2A_MSIL2A_20170701T093031_N9999_R136_T35VPK_31_50,62.55991890777563,29.68079063966262,Finland,Summer,"Cold, no dry season, warm summer"
S1B_IW_GRDH_1SDV_20170629T153202_35VPK_31_54,S2A_MSIL2A_20170701T093031_N9999_R136_T35VPK_31_54,62.51688178536432,29.676921635207137,Finland,Summer,"Cold, no dry season, warm summer"
S1B_IW_GRDH_1SDV_20170629T153202_35VPK_32_24,S2A_MSIL2A_20170701T093031_N9999_R136_T35VPK_32_24,62.83919593171574,29.729786571028086,Finland,Summer,"Cold, no dry season, warm summer"
S1B_IW_GRDH_1SDV_20170629T153202_35VPK_33_28,S2A_MSIL2A_20170701T093031_N9999_R136_T35VPK_33_28,62.79570475649708,29.749299498285442,Finland,Summer,"Cold, no dry season, warm summer"
S1B_IW_GRDH_1SDV_20170629T153202_35VPK_34_60,S2A_MSIL2A_20170701T093031_N9999_R136_T35VPK_34_60,62.450972761414405,29.740831067027713,Finland,Summer,"Cold, no dry season, warm summer"
S1B_IW_GRDH_1SDV_20170629T153202_35VPK_35_52,S2A_MSIL2A_20170701T093031_N9999_R136_T35VPK_35_52,62.53658259479143,29.7720394085636,Finland,Summer,"Cold, no dry season, warm summer"
S1B_IW_GRDH_1SDV_20170629T153202_35VPK_40_30,S2A_MSIL2A_20170701T093031_N9999_R136_T35VPK_40_30,62.77087881536524,29.911649820933597,Finland,Summer,"Cold, no dry season, cold summer"
S1B_IW_GRDH_1SDV_20170629T153202_35VPK_45_44,S2A_MSIL2A_20170701T093031_N9999_R136_T35VPK_45_44,62.617815711215506,30.01364837451151,Finland,Summer,"Cold, no dry season, cold summer"
S1B_IW_GRDH_1SDV_20170629T153202_35VPK_50_45,S2A_MSIL2A_20170701T093031_N9999_R136_T35VPK_50_45,62.60449809282319,30.12926995838293,Finland,Summer,"Cold, no dry season, cold summer"
S1B_IW_GRDH_1SDV_20170629T153202_35VPK_52_56,S2A_MSIL2A_20170701T093031_N9999_R136_T35VPK_52_56,62.48514605486286,30.163358218286724,Finland,Summer,"Cold, no dry season, cold summer"
S1B_IW_GRDH_1SDV_20170629T153202_35VPK_54_35,S2A_MSIL2A_20170701T093031_N9999_R136_T35VPK_54_35,62.70991658649786,30.234337366630925,Finland,Summer,"Cold, no dry season, cold summer"
S1B_IW_GRDH_1SDV_20170629T153202_35VPK_57_29,S2A_MSIL2A_20170701T093031_N9999_R136_T35VPK_57_29,62.77279559862867,30.311823586573034,Finland,Summer,"Cold, no dry season, cold summer"
S1B_IW_GRDH_1SDV_20170629T153202_35VPK_63_44,S2A_MSIL2A_20170701T093031_N9999_R136_T35VPK_63_44,62.608134889484774,30.433855214283604,Finland,Summer,"Cold, no dry season, cold summer"
S1A_IW_GRDH_1SDV_20170706T064235_29SND_23_24,S2A_MSIL2A_20170704T112111_N9999_R037_T29SND_23_24,39.484900509037615,-8.672316837271998,Portugal,Summer,"Temperate, dry summer, hot summer"
S1A_IW_GRDH_1SDV_20170706T064235_29SND_23_25,S2A_MSIL2A_20170704T112111_N9999_R037_T29SND_23_25,39.47408795033579,-8.672367568882317,Portugal,Summer,"Temperate, dry summer, hot summer"
S1A_IW_GRDH_1SDV_20170706T064300_29SND_28_42,S2A_MSIL2A_20170704T112111_N9999_R037_T29SND_28_42,39.29005531217969,-8.603651497994973,Portugal,Summer,"Temperate, dry summer, hot summer"
S1A_IW_GRDH_1SDV_20170706T064300_29SND_28_66,S2A_MSIL2A_20170704T112111_N9999_R037_T29SND_28_66,39.030541580943236,-8.6051050197067,Portugal,Summer,"Temperate, dry summer, hot summer"
S1A_IW_GRDH_1SDV_20170706T064300_29SND_29_47,S2A_MSIL2A_20170704T112111_N9999_R037_T29SND_29_47,39.23594280510464,-8.590051774963298,Portugal,Summer,"Temperate, dry summer, hot summer"
S1A_IW_GRDH_1SDV_20170706T064235_29SND_36_26,S2A_MSIL2A_20170704T112111_N9999_R037_T29SND_36_26,39.46262320166898,-8.491079749144152,Portugal,Summer,"Temperate, dry summer, hot summer"
S1A_IW_GRDH_1SDV_20170706T064300_29SND_37_54,S2A_MSIL2A_20170704T112111_N9999_R037_T29SND_37_54,39.15980851816679,-8.479379302929656,Portugal,Summer,"Temperate, dry summer, hot summer"
S1A_IW_GRDH_1SDV_20170706T064235_29SND_39_31,S2A_MSIL2A_20170704T112111_N9999_R037_T29SND_39_31,39.40837096024113,-8.449658865806404,Portugal,Summer,"Temperate, dry summer, hot summer"
S1A_IW_GRDH_1SDV_20170706T064235_29SND_40_41,S2A_MSIL2A_20170704T112111_N9999_R037_T29SND_40_41,39.300179745488435,-8.436590045092926,Portugal,Summer,"Temperate, dry summer, hot summer"
S1B_IW_GRDH_1SDV_20170706T183432_29SND_45_44,S2A_MSIL2A_20170704T112111_N9999_R037_T29SND_45_44,39.26738490576732,-8.367300289124348,Portugal,Summer,"Temperate, dry summer, hot summer"
S1B_IW_GRDH_1SDV_20170706T183432_29SND_52_64,S2A_MSIL2A_20170704T112111_N9999_R037_T29SND_52_64,39.05056605110259,-8.27216475024295,Portugal,Summer,"Temperate, dry summer, hot summer"
S1A_IW_GRDH_1SDV_20170706T064235_29SND_53_23,S2A_MSIL2A_20170704T112111_N9999_R037_T29SND_53_23,39.49377923051941,-8.253609387571956,Portugal,Summer,"Temperate, dry summer, hot summer"
S1A_IW_GRDH_1SDV_20170706T064235_29SND_53_25,S2A_MSIL2A_20170704T112111_N9999_R037_T29SND_53_25,39.472155610345744,-8.253840503981765,Portugal,Summer,"Temperate, dry summer, hot summer"
S1A_IW_GRDH_1SDV_20170706T064235_29SND_54_25,S2A_MSIL2A_20170704T112111_N9999_R037_T29SND_54_25,39.47206526045618,-8.239890391940794,Portugal,Summer,"Temperate, dry summer, hot summer"
S1A_IW_GRDH_1SDV_20170706T064300_29SND_54_49,S2A_MSIL2A_20170704T112111_N9999_R037_T29SND_54_49,39.212576268901586,-8.242695939130922,Portugal,Summer,"Temperate, dry summer, hot summer"
S1B_IW_GRDH_1SDV_20170701T182622_29SND_59_34,S2A_MSIL2A_20170704T112111_N9999_R037_T29SND_59_34,39.3742830577623,-8.171294041857402,Portugal,Summer,"Temperate, dry summer, hot summer"
S1B_IW_GRDH_1SDV_20170701T182622_29SND_63_56,S2A_MSIL2A_20170704T112111_N9999_R037_T29SND_63_56,39.13601179409512,-8.11855665710728,Portugal,Summer,"Temperate, dry summer, hot summer"
S1B_IW_GRDH_1SDV_20170701T182622_29SND_65_36,S2A_MSIL2A_20170704T112111_N9999_R037_T29SND_65_36,39.35203462215028,-8.087994388005454,Portugal,Summer,"Temperate, dry summer, hot summer"
S1B_IW_GRDH_1SDV_20170701T182622_29SND_66_27,S2A_MSIL2A_20170704T112111_N9999_R037_T29SND_66_27,39.449227850142115,-8.072781283371073,Portugal,Summer,"Temperate, dry summer, hot summer"
S1B_IW_GRDH_1SDV_20170701T182622_29SND_66_52,S2A_MSIL2A_20170704T112111_N9999_R037_T29SND_66_52,39.17893709109488,-8.076342330946595,Portugal,Summer,"Temperate, dry summer, hot summer"
S1B_IW_GRDH_1SDV_20170701T182622_29SND_68_40,S2A_MSIL2A_20170704T112111_N9999_R037_T29SND_68_40,39.30845367803381,-8.04680517740733,Portugal,Summer,"Temperate, dry summer, hot summer"
S1B_IW_GRDH_1SDV_20170701T182622_29SND_68_47,S2A_MSIL2A_20170704T112111_N9999_R037_T29SND_68_47,39.23277228996328,-8.047830034830294,Portugal,Summer,"Temperate, dry summer, hot summer"
S1B_IW_GRDH_1SDV_20170717T064630_29UPV_23_37,S2A_MSIL2A_20170717T113321_N9999_R080_T29UPV_23_37,53.727887594598776,-7.0567659868060675,Ireland,Summer,"Temperate, no dry season, warm summer"
S1A_IW_GRDH_1SDV_20170716T180622_29UPV_26_23,S2A_MSIL2A_20170717T113321_N9999_R080_T29UPV_26_23,53.877900404642425,-6.99504474798635,Ireland,Summer,"Temperate, no dry season, warm summer"
S1B_IW_GRDH_1SDV_20170717T064630_29UPV_28_35,S2A_MSIL2A_20170717T113321_N9999_R080_T29UPV_28_35,53.74793713331821,-6.964839070951841,Ireland,Summer,"Temperate, no dry season, warm summer"
S1B_IW_GRDH_1SDV_20170717T064630_29UPV_30_44,S2A_MSIL2A_20170717T113321_N9999_R080_T29UPV_30_44,53.65030277099229,-6.933228645986385,Ireland,Summer,"Temperate, no dry season, warm summer"
S1B_IW_GRDH_1SDV_20170717T064630_29UPV_31_60,S2A_MSIL2A_20170717T113321_N9999_R080_T29UPV_31_60,53.47752132868634,-6.923553104338542,Ireland,Summer,"Temperate, no dry season, warm summer"
S1B_IW_GRDH_1SDV_20170717T064630_29UPV_34_30,S2A_MSIL2A_20170717T113321_N9999_R080_T29UPV_34_30,53.79992585886564,-6.852982561901786,Ireland,Summer,"Temperate, no dry season, warm summer"
S1B_IW_GRDH_1SDV_20170717T064630_29UPV_34_50,S2A_MSIL2A_20170717T113321_N9999_R080_T29UPV_34_50,53.584355497886826,-6.863927469995982,Ireland,Summer,"Temperate, no dry season, warm summer"
S1B_IW_GRDH_1SDV_20170717T064630_29UPV_35_55,S2A_MSIL2A_20170717T113321_N9999_R080_T29UPV_35_55,53.53013718224858,-6.848550672300084,Ireland,Summer,"Temperate, no dry season, warm summer"
S1B_IW_GRDH_1SDV_20170717T064630_29UPV_36_51,S2A_MSIL2A_20170717T113321_N9999_R080_T29UPV_36_51,53.572924447865525,-6.828252765169759,Ireland,Summer,"Temperate, no dry season, warm summer"
S1B_IW_GRDH_1SDV_20170717T064630_29UPV_37_37,S2A_MSIL2A_20170717T113321_N9999_R080_T29UPV_37_37,53.72348935386593,-6.802308620579627,Ireland,Summer,"Temperate, no dry season, warm summer"
S1B_IW_GRDH_1SDV_20170717T064630_29UPV_37_58,S2A_MSIL2A_20170717T113321_N9999_R080_T29UPV_37_58,53.497144884762555,-6.814035399104434,Ireland,Summer,"Temperate, no dry season, warm summer"
S1B_IW_GRDH_1SDV_20170717T064630_29UPV_38_65,S2A_MSIL2A_20170717T113321_N9999_R080_T29UPV_38_65,53.421363246693225,-6.799864908802446,Ireland,Summer,"Temperate, no dry season, warm summer"
S1B_IW_GRDH_1SDV_20170717T064630_29UPV_39_45,S2A_MSIL2A_20170717T113321_N9999_R080_T29UPV_39_45,53.63659381733491,-6.770523434082154,Ireland,Summer,"Temperate, no dry season, warm summer"
S1B_IW_GRDH_1SDV_20170717T064630_29UPV_41_43,S2A_MSIL2A_20170717T113321_N9999_R080_T29UPV_41_43,53.65746793002134,-6.733097240990346,Ireland,Summer,"Temperate, no dry season, warm summer"
S1B_IW_GRDH_1SDV_20170717T064630_29UPV_42_54,S2A_MSIL2A_20170717T113321_N9999_R080_T29UPV_42_54,53.538568547731145,-6.721345464243521,Ireland,Summer,"Temperate, no dry season, warm summer"
S1B_IW_GRDH_1SDV_20170717T064630_29UPV_44_48,S2A_MSIL2A_20170717T113321_N9999_R080_T29UPV_44_48,53.602537984370805,-6.681624681813784,Ireland,Summer,"Temperate, no dry season, warm summer"
S1B_IW_GRDH_1SDV_20170717T064630_29UPV_46_39,S2A_MSIL2A_20170717T113321_N9999_R080_T29UPV_46_39,53.69882306593762,-6.639973326637814,Ireland,Summer,"Temperate, no dry season, warm summer"
S1B_IW_GRDH_1SDV_20170717T064630_29UPV_47_34,S2A_MSIL2A_20170717T113321_N9999_R080_T29UPV_47_34,53.75234717803406,-6.618769077108662,Ireland,Summer,"Temperate, no dry season, warm summer"
S1B_IW_GRDH_1SDV_20170717T064630_29UPV_47_66,S2A_MSIL2A_20170717T113321_N9999_R080_T29UPV_47_66,53.40748269799544,-6.638081677623744,Ireland,Summer,"Temperate, no dry season, warm summer"
S1B_IW_GRDH_1SDV_20170717T064630_29UPV_50_64,S2A_MSIL2A_20170717T113321_N9999_R080_T29UPV_50_64,53.4279536204493,-6.582752581176,Ireland,Summer,"Temperate, no dry season, warm summer"
S1B_IW_GRDH_1SDV_20170717T064605_29UPV_52_24,S2A_MSIL2A_20170717T113321_N9999_R080_T29UPV_52_24,53.85826349545006,-6.5215072759058454,Ireland,Summer,"Temperate, no dry season, warm summer"
S1B_IW_GRDH_1SDV_20170717T064630_29UPV_52_58,S2A_MSIL2A_20170717T113321_N9999_R080_T29UPV_52_58,53.49187686063096,-6.54293309503147,Ireland,Summer,"Temperate, no dry season, warm summer"
S1B_IW_GRDH_1SDV_20170717T064630_29UPV_56_45,S2A_MSIL2A_20170717T113321_N9999_R080_T29UPV_56_45,53.630452966908145,-6.462278817034563,Ireland,Summer,"Temperate, no dry season, warm summer"
S1B_IW_GRDH_1SDV_20170717T064630_29UPV_57_45,S2A_MSIL2A_20170717T113321_N9999_R080_T29UPV_57_45,53.63006704280835,-6.444150411059767,Ireland,Summer,"Temperate, no dry season, warm summer"
S1B_IW_GRDH_1SDV_20170717T064630_29UPV_58_60,S2A_MSIL2A_20170717T113321_N9999_R080_T29UPV_58_60,53.46804636900188,-6.435817519373205,Ireland,Summer,"Temperate, no dry season, warm summer"
S1B_IW_GRDH_1SDV_20170717T064630_29UPV_61_51,S2A_MSIL2A_20170717T113321_N9999_R080_T29UPV_61_51,53.56384656133838,-6.375653276037459,Ireland,Summer,"Temperate, no dry season, warm summer"
S1B_IW_GRDH_1SDV_20170717T064605_29UPV_64_26,S2A_MSIL2A_20170717T113321_N9999_R080_T29UPV_64_26,53.83199669113842,-6.304190412802879,Ireland,Summer,"Temperate, no dry season, warm summer"
S1B_IW_GRDH_1SDV_20170717T064630_29UPV_68_56,S2A_MSIL2A_20170717T113321_N9999_R080_T29UPV_68_56,53.50712860002788,-6.252463790769051,Ireland,Summer,"Temperate, no dry season, warm summer"
S1B_IW_GRDH_1SDV_20170719T045054_34UDG_63_51,S2A_MSIL2A_20170720T100031_N9999_R122_T34UDG_63_51,55.389855603469826,20.62365801198973,Lithuania,Summer,"Cold, no dry season, warm summer"
S1B_IW_GRDH_1SDV_20170719T045054_34UDG_67_55,S2A_MSIL2A_20170720T100031_N9999_R122_T34UDG_67_55,55.34693369604224,20.699756971983227,Lithuania,Summer,"Cold, no dry season, warm summer"
S1A_IW_GRDH_1SDV_20170802T163350_34TCR_32_32,S2A_MSIL2A_20170803T094031_N9999_R036_T34TCR_32_32,45.68384217747117,18.932498320822276,Serbia,Summer,"Temperate, no dry season, hot summer"
S1A_IW_GRDH_1SDV_20170802T163350_34TCR_35_41,S2A_MSIL2A_20170803T094031_N9999_R036_T34TCR_35_41,45.587519797009314,18.98218997313943,Serbia,Summer,"Temperate, no dry season, hot summer"
S1A_IW_GRDH_1SDV_20170802T163350_34TCR_36_25,S2A_MSIL2A_20170803T094031_N9999_R036_T34TCR_36_25,45.76050091462097,18.991392448173706,Serbia,Summer,"Temperate, no dry season, hot summer"
S1A_IW_GRDH_1SDV_20170802T163350_34TCR_37_52,S2A_MSIL2A_20170803T094031_N9999_R036_T34TCR_37_52,45.46931600964846,19.017116559473347,Serbia,Summer,"Temperate, no dry season, hot summer"
S1A_IW_GRDH_1SDV_20170802T163325_34TCR_37_60,S2A_MSIL2A_20170803T094031_N9999_R036_T34TCR_37_60,45.382955733176395,19.02013896412115,Serbia,Summer,"Temperate, no dry season, hot summer"
S1A_IW_GRDH_1SDV_20170802T163325_34TCR_45_66,S2A_MSIL2A_20170803T094031_N9999_R036_T34TCR_45_66,45.320239295230174,19.14481396423026,Serbia,Summer,"Temperate, no dry season, hot summer"
S1A_IW_GRDH_1SDV_20170802T163350_34TCR_48_34,S2A_MSIL2A_20170803T094031_N9999_R036_T34TCR_48_34,45.6664463472578,19.179623828452993,Serbia,Summer,"Temperate, no dry season, hot summer"
S1A_IW_GRDH_1SDV_20170802T163350_34TCR_49_36,S2A_MSIL2A_20170803T094031_N9999_R036_T34TCR_49_36,45.6450993281462,19.19571499953442,Serbia,Summer,"Temperate, no dry season, hot summer"
S1B_IW_GRDH_1SDV_20170801T164110_34TCR_51_55,S2A_MSIL2A_20170803T094031_N9999_R036_T34TCR_51_55,45.440455276894085,19.232938500356124,Serbia,Summer,"Temperate, no dry season, hot summer"
S1A_IW_GRDH_1SDV_20170802T163350_34TCR_52_52,S2A_MSIL2A_20170803T094031_N9999_R036_T34TCR_52_52,45.47308072906956,19.24727132655101,Serbia,Summer,"Temperate, no dry season, hot summer"
S1A_IW_GRDH_1SDV_20170802T163350_34TCR_53_28,S2A_MSIL2A_20170803T094031_N9999_R036_T34TCR_53_28,45.73242333583754,19.254597932563943,Serbia,Summer,"Temperate, no dry season, hot summer"
S1A_IW_GRDH_1SDV_20170802T163350_34TCR_53_35,S2A_MSIL2A_20170803T094031_N9999_R036_T34TCR_53_35,45.6568514711925,19.25694800545364,Serbia,Summer,"Temperate, no dry season, hot summer"
S1A_IW_GRDH_1SDV_20170802T163350_34TCR_53_52,S2A_MSIL2A_20170803T094031_N9999_R036_T34TCR_53_52,45.473315229075105,19.262616558662128,Serbia,Summer,"Temperate, no dry season, hot summer"
S1A_IW_GRDH_1SDV_20170802T163350_34TCR_55_48,S2A_MSIL2A_20170803T094031_N9999_R036_T34TCR_55_48,45.51696432148004,19.292002172904485,Serbia,Summer,"Temperate, no dry season, hot summer"
S1A_IW_GRDH_1SDV_20170802T163325_34TCR_57_68,S2A_MSIL2A_20170803T094031_N9999_R036_T34TCR_57_68,45.30148124062606,19.329098236972065,Serbia,Summer,"Temperate, no dry season, hot summer"
S1A_IW_GRDH_1SDV_20170802T163325_34TCR_61_59,S2A_MSIL2A_20170803T094031_N9999_R036_T34TCR_61_59,45.39953670006314,19.387539679248967,Serbia,Summer,"Temperate, no dry season, hot summer"
S1A_IW_GRDH_1SDV_20170802T163350_34TCR_63_37,S2A_MSIL2A_20170803T094031_N9999_R036_T34TCR_63_37,45.637503535957826,19.411521208421455,Serbia,Summer,"Temperate, no dry season, hot summer"
S1A_IW_GRDH_1SDV_20170802T163350_34TCR_64_27,S2A_MSIL2A_20170803T094031_N9999_R036_T34TCR_64_27,45.745685696457386,19.423882002399232,Serbia,Summer,"Temperate, no dry season, hot summer"
S1A_IW_GRDH_1SDV_20170802T163350_34TCR_66_50,S2A_MSIL2A_20170803T094031_N9999_R036_T34TCR_66_50,45.49777117364994,19.46153322366367,Serbia,Summer,"Temperate, no dry season, hot summer"
S1A_IW_GRDH_1SDV_20170802T163325_34TCR_67_59,S2A_MSIL2A_20170803T094031_N9999_R036_T34TCR_67_59,45.40079818766727,19.479500681704852,Serbia,Summer,"Temperate, no dry season, hot summer"
S1A_IW_GRDH_1SDV_20170802T163325_34TCR_68_59,S2A_MSIL2A_20170803T094031_N9999_R036_T34TCR_68_59,45.40100123983081,19.494828099766547,Serbia,Summer,"Temperate, no dry season, hot summer"
S1A_IW_GRDH_1SDV_20170802T163325_34TCR_68_63,S2A_MSIL2A_20170803T094031_N9999_R036_T34TCR_68_63,45.35780979348156,19.495973893423542,Serbia,Summer,"Temperate, no dry season, hot summer"
S1A_IW_GRDH_1SDV_20170802T163325_34TCR_68_64,S2A_MSIL2A_20170803T094031_N9999_R036_T34TCR_68_64,45.34701187710304,19.496259936326382,Serbia,Summer,"Temperate, no dry season, hot summer"
S1A_IW_GRDH_1SDV_20170812T182647_29SNC_24_65,S2A_MSIL2A_20170813T112121_N9999_R037_T29SNC_24_65,38.14016597180136,-8.664726984211827,Portugal,Summer,"Temperate, dry summer, hot summer"
S1A_IW_GRDH_1SDV_20170812T182647_29SNC_25_39,S2A_MSIL2A_20170813T112121_N9999_R037_T29SNC_25_39,38.421309849040206,-8.649684673825021,Portugal,Summer,"Temperate, dry summer, hot summer"
S1A_IW_GRDH_1SDV_20170812T182647_29SNC_25_40,S2A_MSIL2A_20170813T112121_N9999_R037_T29SNC_25_40,38.41049533972064,-8.649736891746759,Portugal,Summer,"Temperate, dry summer, hot summer"
S1A_IW_GRDH_1SDV_20170812T182647_29SNC_25_61,S2A_MSIL2A_20170813T112121_N9999_R037_T29SNC_25_61,38.18338601078337,-8.650827027637837,Portugal,Summer,"Temperate, dry summer, hot summer"
S1A_IW_GRDH_1SDV_20170812T182647_29SNC_26_39,S2A_MSIL2A_20170813T112121_N9999_R037_T29SNC_26_39,38.42126795182062,-8.63593808510587,Portugal,Summer,"Temperate, dry summer, hot summer"
S1A_IW_GRDH_1SDV_20170812T182647_29SNC_26_64,S2A_MSIL2A_20170813T112121_N9999_R037_T29SNC_26_64,38.15089960419515,-8.63728606959983,Portugal,Summer,"Temperate, dry summer, hot summer"
S1A_IW_GRDH_1SDV_20170812T182647_29SNC_27_65,S2A_MSIL2A_20170813T112121_N9999_R037_T29SNC_27_65,38.14004153422018,-8.623645971850372,Portugal,Summer,"Temperate, dry summer, hot summer"
S1A_IW_GRDH_1SDV_20170812T182647_29SNC_28_38,S2A_MSIL2A_20170813T112121_N9999_R037_T29SNC_28_38,38.431993759236995,-8.608386600039198,Portugal,Summer,"Temperate, dry summer, hot summer"
S1A_IW_GRDH_1SDV_20170812T182647_29SNC_29_30,S2A_MSIL2A_20170813T112121_N9999_R037_T29SNC_29_30,38.51846165109049,-8.594153314980193,Portugal,Summer,"Temperate, dry summer, hot summer"
S1A_IW_GRDH_1SDV_20170812T182647_29SNC_30_39,S2A_MSIL2A_20170813T112121_N9999_R037_T29SNC_30_39,38.421084239330405,-8.580952032249353,Portugal,Summer,"Temperate, dry summer, hot summer"
S1A_IW_GRDH_1SDV_20170812T182647_29SNC_31_34,S2A_MSIL2A_20170813T112121_N9999_R037_T29SNC_31_34,38.47510599471703,-8.566882523740771,Portugal,Summer,"Temperate, dry summer, hot summer"
S1A_IW_GRDH_1SDV_20170812T182647_29SNC_31_40,S2A_MSIL2A_20170813T112121_N9999_R037_T29SNC_31_40,38.410219877176054,-8.56727011142153,Portugal,Summer,"Temperate, dry summer, hot summer"
S1A_IW_GRDH_1SDV_20170812T182647_29SNC_32_37,S2A_MSIL2A_20170813T112121_N9999_R037_T29SNC_32_37,38.44261141539412,-8.553325974843803,Portugal,Summer,"Temperate, dry summer, hot summer"
S1A_IW_GRDH_1SDV_20170812T182647_29SNC_37_32,S2A_MSIL2A_20170813T112121_N9999_R037_T29SNC_37_32,38.49640002722438,-8.48418898817529,Portugal,Summer,"Temperate, dry summer, hot summer"
S1A_IW_GRDH_1SDV_20170812T182647_29SNC_41_35,S2A_MSIL2A_20170813T112121_N9999_R037_T29SNC_41_35,38.463702520283924,-8.429402910587017,Portugal,Summer,"Temperate, dry summer, hot summer"
S1A_IW_GRDH_1SDV_20170812T182647_29SNC_42_62,S2A_MSIL2A_20170813T112121_N9999_R037_T29SNC_42_62,38.17164775840305,-8.417987705764906,Portugal,Summer,"Temperate, dry summer, hot summer"
S1A_IW_GRDH_1SDV_20170812T182647_29SNC_45_33,S2A_MSIL2A_20170813T112121_N9999_R037_T29SNC_45_33,38.4850495552742,-8.374199472444534,Portugal,Summer,"Temperate, dry summer, hot summer"
S1A_IW_GRDH_1SDV_20170812T182647_29SNC_46_29,S2A_MSIL2A_20170813T112121_N9999_R037_T29SNC_46_29,38.528230714426,-8.360058653644087,Portugal,Summer,"Temperate, dry summer, hot summer"
S1A_IW_GRDH_1SDV_20170812T182647_29SNC_51_67,S2A_MSIL2A_20170813T112121_N9999_R037_T29SNC_51_67,38.116900021879395,-8.29521796048084,Portugal,Summer,"Temperate, dry summer, hot summer"
S1A_IW_GRDH_1SDV_20170812T182647_29SNC_55_50,S2A_MSIL2A_20170813T112121_N9999_R037_T29SNC_55_50,38.300399182247794,-8.238551231123505,Portugal,Summer,"Temperate, dry summer, hot summer"
S1A_IW_GRDH_1SDV_20170812T182647_29SNC_56_58,S2A_MSIL2A_20170813T112121_N9999_R037_T29SNC_56_58,38.213797185668454,-8.22574709599172,Portugal,Summer,"Temperate, dry summer, hot summer"
S1A_IW_GRDH_1SDV_20170812T182647_29SNC_66_47,S2A_MSIL2A_20170813T112121_N9999_R037_T29SNC_66_47,38.33176278999199,-8.087197706715214,Portugal,Summer,"Temperate, dry summer, hot summer"
S1B_IW_GRDH_1SDV_20170818T054218_32TMT_23_51,S2A_MSIL2A_20170818T103021_N9999_R108_T32TMT_23_51,47.293695351992554,8.049832214940302,Switzerland,Summer,"Temperate, no dry season, warm summer"
S1B_IW_GRDH_1SDV_20170818T054218_32TMT_30_50,S2A_MSIL2A_20170818T103021_N9999_R108_T32TMT_30_50,47.30535937470008,8.16074811001,Switzerland,Summer,"Temperate, no dry season, warm summer"
S1B_IW_GRDH_1SDV_20170818T054218_32TMT_35_59,S2A_MSIL2A_20170818T103021_N9999_R108_T32TMT_35_59,47.20873939433628,8.241503983970388,Switzerland,Summer,"Temperate, no dry season, warm summer"
S1B_IW_GRDH_1SDV_20170818T054218_32TMT_35_68,S2A_MSIL2A_20170818T103021_N9999_R108_T32TMT_35_68,47.111563986544,8.242885780535692,Switzerland,Summer,"Temperate, no dry season, warm summer"
S1A_IW_GRDH_1SDV_20170819T053446_32TMT_41_56,S2A_MSIL2A_20170818T103021_N9999_R108_T32TMT_41_56,47.24172143191061,8.336168790794913,Switzerland,Summer,"Temperate, no dry season, warm summer"
S1A_IW_GRDH_1SDV_20170819T053446_32TMT_44_48,S2A_MSIL2A_20170818T103021_N9999_R108_T32TMT_44_48,47.32836592459061,8.38272932163787,Switzerland,Summer,"Temperate, no dry season, warm summer"
S1A_IW_GRDH_1SDV_20170819T053446_32TMT_48_31,S2A_MSIL2A_20170818T103021_N9999_R108_T32TMT_48_31,47.51224307662073,8.444325046607794,Switzerland,Summer,"Temperate, no dry season, warm summer"
S1A_IW_GRDH_1SDV_20170819T053446_32TMT_48_56,S2A_MSIL2A_20170818T103021_N9999_R108_T32TMT_48_56,47.2423106681105,8.447153838709122,Switzerland,Summer,"Temperate, no dry season, warm summer"
S1A_IW_GRDH_1SDV_20170819T053446_32TMT_49_33,S2A_MSIL2A_20170818T103021_N9999_R108_T32TMT_49_33,47.490725014695485,8.460482735745563,Switzerland,Summer,"Temperate, no dry season, warm summer"
S1A_IW_GRDH_1SDV_20170819T053446_32TMT_51_35,S2A_MSIL2A_20170818T103021_N9999_R108_T32TMT_51_35,47.46927612133949,8.49255064252824,Switzerland,Summer,"Temperate, no dry season, warm summer"
S1A_IW_GRDH_1SDV_20170819T053446_32TMT_51_56,S2A_MSIL2A_20170818T103021_N9999_R108_T32TMT_51_56,47.24253029189721,8.4947198749586,Switzerland,Summer,"Temperate, no dry season, warm summer"
S1A_IW_GRDH_1SDV_20170819T053446_32TMT_51_63,S2A_MSIL2A_20170818T103021_N9999_R108_T32TMT_51_63,47.16694632874652,8.495437090526645,Switzerland,Summer,"Temperate, no dry season, warm summer"
S1A_IW_GRDH_1SDV_20170819T053446_32TMT_54_45,S2A_MSIL2A_20170818T103021_N9999_R108_T32TMT_54_45,47.3615037571734,8.541260133598218,Switzerland,Summer,"Temperate, no dry season, warm summer"
S1A_IW_GRDH_1SDV_20170819T053446_32TMT_56_41,S2A_MSIL2A_20170818T103021_N9999_R108_T32TMT_56_41,47.40481650906099,8.572693686789874,Switzerland,Summer,"Temperate, no dry season, warm summer"
S1A_IW_GRDH_1SDV_20170819T053446_32TMT_57_44,S2A_MSIL2A_20170818T103021_N9999_R108_T32TMT_57_44,47.372482180445886,8.58884994467422,Switzerland,Summer,"Temperate, no dry season, warm summer"
S1A_IW_GRDH_1SDV_20170819T053446_32TMT_57_51,S2A_MSIL2A_20170818T103021_N9999_R108_T32TMT_57_51,47.296898946402585,8.589436206040375,Switzerland,Summer,"Temperate, no dry season, warm summer"
S1A_IW_GRDH_1SDV_20170819T053446_32TMT_61_44,S2A_MSIL2A_20170818T103021_N9999_R108_T32TMT_61_44,47.372692590418026,8.652428536869914,Switzerland,Summer,"Temperate, no dry season, warm summer"
S1A_IW_GRDH_1SDV_20170819T053446_32TMT_63_48,S2A_MSIL2A_20170818T103021_N9999_R108_T32TMT_63_48,47.32959382176517,8.684475616300153,Switzerland,Summer,"Temperate, no dry season, warm summer"
S1A_IW_GRDH_1SDV_20170819T053446_32TMT_64_30,S2A_MSIL2A_20170818T103021_N9999_R108_T32TMT_64_30,47.52399252432352,8.699252442380892,Switzerland,Summer,"Temperate, no dry season, warm summer"
S1A_IW_GRDH_1SDV_20170819T053446_32TMT_64_53,S2A_MSIL2A_20170818T103021_N9999_R108_T32TMT_64_53,47.275647463423944,8.700662395866642,Switzerland,Summer,"Temperate, no dry season, warm summer"
S1A_IW_GRDH_1SDV_20170819T053446_32TMT_66_38,S2A_MSIL2A_20170818T103021_N9999_R108_T32TMT_66_38,47.43769179883623,8.731573773941095,Switzerland,Summer,"Temperate, no dry season, warm summer"
S1A_IW_GRDH_1SDV_20170819T053446_32TMT_66_52,S2A_MSIL2A_20170818T103021_N9999_R108_T32TMT_66_52,47.28652382173161,8.732339466471004,Switzerland,Summer,"Temperate, no dry season, warm summer"
S1B_IW_GRDH_1SDV_20170907T043202_35VNL_31_44,S2A_MSIL2A_20170905T095031_N9999_R079_T35VNL_31_44,63.54591330296083,27.760107701825163,Finland,Fall,"Cold, no dry season, cold summer"
S1A_IW_GRDH_1SDV_20170903T153258_35VNL_41_35,S2A_MSIL2A_20170905T095031_N9999_R079_T35VNL_41_35,63.64134122079042,28.004913478638642,Finland,Fall,"Cold, no dry season, cold summer"
S1A_IW_GRDH_1SDV_20170903T153258_35VNL_42_29,S2A_MSIL2A_20170905T095031_N9999_R079_T35VNL_42_29,63.70577539675438,28.031478378502655,Finland,Fall,"Cold, no dry season, cold summer"
S1A_IW_GRDH_1SDV_20170903T153258_35VNL_45_43,S2A_MSIL2A_20170905T095031_N9999_R079_T35VNL_45_43,63.554492075853894,28.09846344992208,Finland,Fall,"Cold, no dry season, cold summer"
S1A_IW_GRDH_1SDV_20170903T153258_35VNL_54_47,S2A_MSIL2A_20170905T095031_N9999_R079_T35VNL_54_47,63.509597087751395,28.313775866890175,Finland,Fall,"Cold, no dry season, cold summer"
S1A_IW_GRDH_1SDV_20170903T153258_35VNL_63_26,S2A_MSIL2A_20170905T095031_N9999_R079_T35VNL_63_26,63.73351992371827,28.54292300887392,Finland,Fall,"Cold, no dry season, cold summer"
S1A_IW_GRDH_1SDV_20170903T153258_35VNL_64_48,S2A_MSIL2A_20170905T095031_N9999_R079_T35VNL_64_48,63.496418838592774,28.554225813485466,Finland,Fall,"Cold, no dry season, cold summer"
S1A_IW_GRDH_1SDV_20170903T153258_35VNL_64_60,S2A_MSIL2A_20170905T095031_N9999_R079_T35VNL_64_60,63.367229989484045,28.547241373313515,Finland,Fall,"Cold, no dry season, cold summer"
S1A_IW_GRDH_1SDV_20170903T153258_35VNL_65_26,S2A_MSIL2A_20170905T095031_N9999_R079_T35VNL_65_26,63.73299167924836,28.591509555754193,Finland,Fall,"Cold, no dry season, cold summer"
S1A_IW_GRDH_1SDV_20170903T153258_35VNL_68_40,S2A_MSIL2A_20170905T095031_N9999_R079_T35VNL_68_40,63.58146111769891,28.655576862875424,Finland,Fall,"Cold, no dry season, cold summer"
S1B_IW_GRDH_1SDV_20170930T164112_34TCR_39_40,S2A_MSIL2A_20171002T094031_N9999_R036_T34TCR_39_40,45.59938479029734,19.043312236869376,Serbia,Fall,"Temperate, no dry season, hot summer"
S1B_IW_GRDH_1SDV_20170930T164112_34TCR_40_56,S2A_MSIL2A_20171002T094031_N9999_R036_T34TCR_40_56,45.42692489421232,19.06462167779129,Serbia,Fall,"Temperate, no dry season, hot summer"
S1B_IW_GRDH_1SDV_20170930T164112_34TCR_42_64,S2A_MSIL2A_20171002T094031_N9999_R036_T34TCR_42_64,45.341075593069256,19.098183266302264,Serbia,Fall,"Temperate, no dry season, hot summer"
S1B_IW_GRDH_1SDV_20170930T164112_34TCR_45_62,S2A_MSIL2A_20171002T094031_N9999_R036_T34TCR_45_62,45.363423246561126,19.14340258515637,Serbia,Fall,"Temperate, no dry season, hot summer"
S1B_IW_GRDH_1SDV_20170930T164112_34TCR_49_35,S2A_MSIL2A_20171002T094031_N9999_R036_T34TCR_49_35,45.65589504042592,19.195368219420892,Serbia,Fall,"Temperate, no dry season, hot summer"
S1B_IW_GRDH_1SDV_20170930T164112_34TCR_50_38,S2A_MSIL2A_20171002T094031_N9999_R036_T34TCR_50_38,45.623749782037756,19.211793765530825,Serbia,Fall,"Temperate, no dry season, hot summer"
S1B_IW_GRDH_1SDV_20170930T164112_34TCR_52_29,S2A_MSIL2A_20171002T094031_N9999_R036_T34TCR_52_29,45.72139089432249,19.23952122993697,Serbia,Fall,"Temperate, no dry season, hot summer"
S1B_IW_GRDH_1SDV_20170930T164112_34TCR_52_54,S2A_MSIL2A_20171002T094031_N9999_R036_T34TCR_52_54,45.451487980005126,19.247940477583047,Serbia,Fall,"Temperate, no dry season, hot summer"
S1B_IW_GRDH_1SDV_20170930T164112_34TCR_52_66,S2A_MSIL2A_20171002T094031_N9999_R036_T34TCR_52_66,45.321929602708664,19.2519394924608,Serbia,Fall,"Temperate, no dry season, hot summer"
S1B_IW_GRDH_1SDV_20170930T164112_34TCR_54_60,S2A_MSIL2A_20171002T094031_N9999_R036_T34TCR_54_60,45.38717473782076,19.280587304885366,Serbia,Fall,"Temperate, no dry season, hot summer"
S1B_IW_GRDH_1SDV_20170929T045327_34TCR_60_36,S2A_MSIL2A_20171002T094031_N9999_R036_T34TCR_60_36,45.647648718215976,19.36503417413924,Serbia,Fall,"Temperate, no dry season, hot summer"
S1B_IW_GRDH_1SDV_20170930T164112_34TCR_60_59,S2A_MSIL2A_20171002T094031_N9999_R036_T34TCR_60_59,45.39931925691645,19.37221344524122,Serbia,Fall,"Temperate, no dry season, hot summer"
S1B_IW_GRDH_1SDV_20170929T045327_34TCR_61_43,S2A_MSIL2A_20171002T094031_N9999_R036_T34TCR_61_43,45.572290177763406,19.38260221515689,Serbia,Fall,"Temperate, no dry season, hot summer"
S1B_IW_GRDH_1SDV_20170929T045327_34TCR_64_59,S2A_MSIL2A_20171002T094031_N9999_R036_T34TCR_64_59,45.40017669521502,19.433519419298676,Serbia,Fall,"Temperate, no dry season, hot summer"
S1B_IW_GRDH_1SDV_20170929T045327_34TCR_64_68,S2A_MSIL2A_20171002T094031_N9999_R036_T34TCR_64_68,45.30299822161994,19.436198566647004,Serbia,Fall,"Temperate, no dry season, hot summer"
S1B_IW_GRDH_1SDV_20170929T045327_34TCR_66_56,S2A_MSIL2A_20171002T094031_N9999_R036_T34TCR_66_56,45.43298597535729,19.46329485656632,Serbia,Fall,"Temperate, no dry season, hot summer"
S1B_IW_GRDH_1SDV_20170929T045327_34TCR_67_50,S2A_MSIL2A_20171002T094031_N9999_R036_T34TCR_67_50,45.49797697418618,19.476886801325122,Serbia,Fall,"Temperate, no dry season, hot summer"
S1B_IW_GRDH_1SDV_20170929T045327_34TCR_67_63,S2A_MSIL2A_20171002T094031_N9999_R036_T34TCR_67_63,45.35760704519485,19.480658132280613,Serbia,Fall,"Temperate, no dry season, hot summer"
S1A_IW_GRDH_1SDV_20171004T183450_29SNB_32_36,S2A_MSIL2A_20171002T112111_N9999_R037_T29SNB_32_36,37.551983066492234,-8.558695277674902,Portugal,Fall,"Temperate, dry summer, hot summer"
S1A_IW_GRDH_1SDV_20171004T183450_29SNB_32_53,S2A_MSIL2A_20171002T112111_N9999_R037_T29SNB_32_53,37.36810847460943,-8.559774543155841,Portugal,Fall,"Temperate, dry summer, warm summer"
S1A_IW_GRDH_1SDV_20171004T183450_29SNB_36_42,S2A_MSIL2A_20171002T112111_N9999_R037_T29SNB_36_42,37.486871707432236,-8.504783818644185,Portugal,Fall,"Temperate, dry summer, hot summer"
S1A_IW_GRDH_1SDV_20171004T183450_29SNB_40_39,S2A_MSIL2A_20171002T112111_N9999_R037_T29SNB_40_39,37.51907934395274,-8.450253067773822,Portugal,Fall,"Temperate, dry summer, hot summer"
S1A_IW_GRDH_1SDV_20171004T183450_29SNB_41_44,S2A_MSIL2A_20171002T112111_N9999_R037_T29SNB_41_44,37.46493590361036,-8.437080090597462,Portugal,Fall,"Temperate, dry summer, hot summer"
S1A_IW_GRDH_1SDV_20171004T183450_29SNB_43_30,S2A_MSIL2A_20171002T112111_N9999_R037_T29SNB_43_30,37.616223998812664,-8.408747291907657,Portugal,Fall,"Temperate, dry summer, hot summer"
S1A_IW_GRDH_1SDV_20171004T183450_29SNB_44_43,S2A_MSIL2A_20171002T112111_N9999_R037_T29SNB_44_43,37.475550824856576,-8.396285752265689,Portugal,Fall,"Temperate, dry summer, hot summer"
S1A_IW_GRDH_1SDV_20171004T183450_29SNB_50_48,S2A_MSIL2A_20171002T112111_N9999_R037_T29SNB_50_48,37.421028121876454,-8.31535361902092,Portugal,Fall,"Temperate, dry summer, hot summer"
S1A_IW_GRDH_1SDV_20171004T183450_29SNB_57_25,S2A_MSIL2A_20171002T112111_N9999_R037_T29SNB_57_25,37.66919238155901,-8.217833593867176,Portugal,Fall,"Temperate, dry summer, hot summer"
S1A_IW_GRDH_1SDV_20171004T183450_29SNB_60_32,S2A_MSIL2A_20171002T112111_N9999_R037_T29SNB_60_32,37.59320934040514,-8.177851313292397,Portugal,Fall,"Temperate, dry summer, hot summer"
S1A_IW_GRDH_1SDV_20171004T183450_29SNB_61_46,S2A_MSIL2A_20171002T112111_N9999_R037_T29SNB_61_46,37.44170084463223,-8.165946671205111,Portugal,Fall,"Temperate, dry summer, hot summer"
S1A_IW_GRDH_1SDV_20171004T183450_29SNB_61_65,S2A_MSIL2A_20171002T112111_N9999_R037_T29SNB_61_65,37.23620540524023,-8.168216108535328,Portugal,Fall,"Temperate, dry summer, hot summer"
S1A_IW_GRDH_1SDV_20171004T183450_29SNB_68_25,S2A_MSIL2A_20171002T112111_N9999_R037_T29SNB_68_25,37.668104926907446,-8.068175076445753,Portugal,Fall,"Temperate, dry summer, hot summer"
S1B_IW_GRDH_1SDV_20171004T064231_29SNC_24_49,S2A_MSIL2A_20171002T112111_N9999_R037_T29SNC_24_49,38.3132039828323,-8.663931771863094,Portugal,Fall,"Temperate, dry summer, hot summer"
S1B_IW_GRDH_1SDV_20171004T064231_29SNC_26_61,S2A_MSIL2A_20171002T112111_N9999_R037_T29SNC_26_61,38.18334446748161,-8.637125263228446,Portugal,Fall,"Temperate, dry summer, hot summer"
S1B_IW_GRDH_1SDV_20171004T064231_29SNC_30_39,S2A_MSIL2A_20171002T112111_N9999_R037_T29SNC_30_39,38.421084239330405,-8.580952032249353,Portugal,Fall,"Temperate, dry summer, hot summer"
S1B_IW_GRDH_1SDV_20171004T064231_29SNC_36_65,S2A_MSIL2A_20171002T112111_N9999_R037_T29SNC_36_65,38.13958202388457,-8.500404658316526,Portugal,Fall,"Temperate, dry summer, hot summer"
S1B_IW_GRDH_1SDV_20171004T064231_29SNC_38_41,S2A_MSIL2A_20171002T112111_N9999_R037_T29SNC_38_41,38.399010901114224,-8.47113926819528,Portugal,Fall,"Temperate, dry summer, hot summer"
S1A_IW_GRDH_1SDV_20171004T183515_29SNC_46_40,S2A_MSIL2A_20171002T112111_N9999_R037_T29SNC_46_40,38.409277385654114,-8.361109125289314,Portugal,Fall,"Temperate, dry summer, hot summer"
S1A_IW_GRDH_1SDV_20171004T183515_29SNC_49_47,S2A_MSIL2A_20171002T112111_N9999_R037_T29SNC_49_47,38.333347154926834,-8.320586376397802,Portugal,Fall,"Temperate, dry summer, hot summer"
S1A_IW_GRDH_1SDV_20171004T183515_29SNC_52_32,S2A_MSIL2A_20171002T112111_N9999_R037_T29SNC_52_32,38.49530914162906,-8.277785867170993,Portugal,Fall,"Temperate, dry summer, hot summer"
S1A_IW_GRDH_1SDV_20171004T183450_29SNC_53_63,S2A_MSIL2A_20171002T112111_N9999_R037_T29SNC_53_63,38.1599899552248,-8.267408574350076,Portugal,Fall,"Temperate, dry summer, hot summer"
S1A_IW_GRDH_1SDV_20171004T183515_29SNC_67_33,S2A_MSIL2A_20171002T112111_N9999_R037_T29SNC_67_33,38.4830414315649,-8.071534545560185,Portugal,Fall,"Temperate, dry summer, hot summer"
S1A_IW_GRDH_1SDV_20171004T183515_29SNC_68_39,S2A_MSIL2A_20171002T112111_N9999_R037_T29SNC_68_39,38.41805247530862,-8.05862119687578,Portugal,Fall,"Temperate, dry summer, hot summer"
S1A_IW_GRDH_1SDV_20171015T050950_33UXP_29_30,S2A_MSIL2A_20171015T095031_N9999_R079_T33UXP_29_30,48.409200869129606,16.829675119679738,Austria,Fall,"Temperate, no dry season, warm summer"
S1B_IW_GRDH_1SDV_20171016T050049_33UXP_30_45,S2A_MSIL2A_20171015T095031_N9999_R079_T33UXP_30_45,48.247085722605426,16.84004837803458,Austria,Fall,"Temperate, no dry season, warm summer"
S1B_IW_GRDH_1SDV_20171016T050114_33UXP_32_68,S2A_MSIL2A_20171015T095031_N9999_R079_T33UXP_32_68,47.99837902034336,16.86335865133633,Austria,Fall,"Temperate, no dry season, warm summer"
S1B_IW_GRDH_1SDV_20171016T050114_33UXP_36_65,S2A_MSIL2A_20171015T095031_N9999_R079_T33UXP_36_65,48.02968892221994,16.928875110609624,Austria,Fall,"Temperate, no dry season, warm summer"
S1B_IW_GRDH_1SDV_20171101T153951_35VNJ_26_26,S2A_MSIL2A_20171101T094131_N9999_R036_T35VNJ_26_26,61.94498784954267,27.605666073029962,Finland,Fall,"Cold, no dry season, cold summer"
S1B_IW_GRDH_1SDV_20171101T153951_35VNJ_44_66,S2A_MSIL2A_20171101T094131_N9999_R036_T35VNJ_44_66,61.51173842684003,28.003155710442115,Finland,Fall,"Cold, no dry season, warm summer"
S1B_IW_GRDH_1SDV_20171101T042417_35VNK_31_56,S2A_MSIL2A_20171101T094131_N9999_R036_T35VNK_31_56,62.51905304091061,27.733831078683885,Finland,Fall,"Cold, no dry season, cold summer"
S1B_IW_GRDH_1SDV_20171101T042417_35VNK_41_42,S2A_MSIL2A_20171101T094131_N9999_R036_T35VNK_41_42,62.668406880811,27.97179482087978,Finland,Fall,"Cold, no dry season, cold summer"
S1B_IW_GRDH_1SDV_20171101T042417_35VNK_42_57,S2A_MSIL2A_20171101T094131_N9999_R036_T35VNK_42_57,62.50670220892694,27.989828320148582,Finland,Fall,"Cold, no dry season, cold summer"
S1B_IW_GRDH_1SDV_20171101T042417_35VNK_44_48,S2A_MSIL2A_20171101T094131_N9999_R036_T35VNK_44_48,62.60328767817349,28.03979472800407,Finland,Fall,"Cold, no dry season, cold summer"
S1B_IW_GRDH_1SDV_20171101T154016_35VNK_52_38,S2A_MSIL2A_20171101T094131_N9999_R036_T35VNK_52_38,62.70945855138032,28.231207927672248,Finland,Fall,"Cold, no dry season, cold summer"
S1B_IW_GRDH_1SDV_20171101T042417_35VNK_52_42,S2A_MSIL2A_20171101T094131_N9999_R036_T35VNK_52_42,62.66638519421089,28.229419126323588,Finland,Fall,"Cold, no dry season, warm summer"
S1B_IW_GRDH_1SDV_20171101T154016_35VNK_62_39,S2A_MSIL2A_20171101T094131_N9999_R036_T35VNK_62_39,62.69643873940345,28.465180959581367,Finland,Fall,"Cold, no dry season, cold summer"
S1B_IW_GRDH_1SDV_20171101T042417_35VNK_67_43,S2A_MSIL2A_20171101T094131_N9999_R036_T35VNK_67_43,62.65209924843135,28.58007783867375,Finland,Fall,"Cold, no dry season, cold summer"
S1B_IW_GRDH_1SDV_20171121T064205_29SND_23_25,S2A_MSIL2A_20171121T112351_N9999_R037_T29SND_23_25,39.47408795033579,-8.672367568882317,Portugal,Fall,"Temperate, dry summer, hot summer"
S1B_IW_GRDH_1SDV_20171121T064205_29SND_24_60,S2A_MSIL2A_20171121T112351_N9999_R037_T29SND_24_60,39.09559605865606,-8.660249482343723,Portugal,Fall,"Temperate, dry summer, hot summer"
S1B_IW_GRDH_1SDV_20171121T064205_29SND_28_61,S2A_MSIL2A_20171121T112351_N9999_R037_T29SND_28_61,39.084607900933214,-8.604803747931351,Portugal,Fall,"Temperate, dry summer, hot summer"
S1B_IW_GRDH_1SDV_20171121T064205_29SND_29_47,S2A_MSIL2A_20171121T112351_N9999_R037_T29SND_29_47,39.23594280510464,-8.590051774963298,Portugal,Fall,"Temperate, dry summer, hot summer"
S1B_IW_GRDH_1SDV_20171121T064205_29SND_29_67,S2A_MSIL2A_20171121T112351_N9999_R037_T29SND_29_67,39.01968051745438,-8.591303540390417,Portugal,Fall,"Temperate, dry summer, hot summer"
S1B_IW_GRDH_1SDV_20171121T064205_29SND_30_47,S2A_MSIL2A_20171121T112351_N9999_R037_T29SND_30_47,39.23589303937606,-8.576147719258842,Portugal,Fall,"Temperate, dry summer, hot summer"
S1B_IW_GRDH_1SDV_20171121T064205_29SND_32_43,S2A_MSIL2A_20171121T112351_N9999_R037_T29SND_32_43,39.27903978019896,-8.54806210464512,Portugal,Fall,"Temperate, dry summer, hot summer"
S1B_IW_GRDH_1SDV_20171121T064205_29SND_36_26,S2A_MSIL2A_20171121T112351_N9999_R037_T29SND_36_26,39.46262320166898,-8.491079749144152,Portugal,Fall,"Temperate, dry summer, hot summer"
S1B_IW_GRDH_1SDV_20171121T064205_29SND_36_39,S2A_MSIL2A_20171121T112351_N9999_R037_T29SND_36_39,39.322061069574566,-8.492099909143443,Portugal,Fall,"Temperate, dry summer, hot summer"
S1B_IW_GRDH_1SDV_20171121T064205_29SND_36_45,S2A_MSIL2A_20171121T112351_N9999_R037_T29SND_36_45,39.25718508358628,-8.49256834944583,Portugal,Fall,"Temperate, dry summer, hot summer"
S1B_IW_GRDH_1SDV_20171121T064205_29SND_39_32,S2A_MSIL2A_20171121T112351_N9999_R037_T29SND_39_32,39.39755858154058,-8.449743837028347,Portugal,Fall,"Temperate, dry summer, hot summer"
S1B_IW_GRDH_1SDV_20171121T064205_29SND_42_38,S2A_MSIL2A_20171121T112351_N9999_R037_T29SND_42_38,39.33247911574685,-8.408484130979094,Portugal,Fall,"Temperate, dry summer, hot summer"
S1B_IW_GRDH_1SDV_20171121T064205_29SND_43_55,S2A_MSIL2A_20171121T112351_N9999_R037_T29SND_43_55,39.148593708811404,-8.396139406240396,Portugal,Fall,"Temperate, dry summer, hot summer"
S1B_IW_GRDH_1SDV_20171121T064205_29SND_44_50,S2A_MSIL2A_20171121T112351_N9999_R037_T29SND_44_50,39.202584290923404,-8.381779710097994,Portugal,Fall,"Temperate, dry summer, hot summer"
S1B_IW_GRDH_1SDV_20171121T064205_29SND_52_62,S2A_MSIL2A_20171121T112351_N9999_R037_T29SND_52_62,39.072191330520916,-8.271942664256859,Portugal,Fall,"Temperate, dry summer, hot summer"
S1B_IW_GRDH_1SDV_20171121T064205_29SND_53_24,S2A_MSIL2A_20171121T112351_N9999_R037_T29SND_53_24,39.482967430655606,-8.25372497690407,Portugal,Fall,"Temperate, dry summer, hot summer"
S1B_IW_GRDH_1SDV_20171121T064205_29SND_53_25,S2A_MSIL2A_20171121T112351_N9999_R037_T29SND_53_25,39.472155610345744,-8.253840503981765,Portugal,Fall,"Temperate, dry summer, hot summer"
S1B_IW_GRDH_1SDV_20171121T064205_29SND_53_32,S2A_MSIL2A_20171121T112351_N9999_R037_T29SND_53_32,39.39647229582388,-8.254647453508328,Portugal,Fall,"Temperate, dry summer, hot summer"
S1A_IW_GRDH_1SDV_20171121T183515_29SND_58_46,S2A_MSIL2A_20171121T112351_N9999_R037_T29SND_58_46,39.24463792867759,-8.18672773149871,Portugal,Fall,"Temperate, dry summer, hot summer"
S1A_IW_GRDH_1SDV_20171122T063450_29SND_61_42,S2A_MSIL2A_20171121T112351_N9999_R037_T29SND_61_42,39.28758687547796,-8.144488156924606,Portugal,Fall,"Temperate, dry summer, hot summer"
S1A_IW_GRDH_1SDV_20171122T063450_29SND_65_26,S2A_MSIL2A_20171121T112351_N9999_R037_T29SND_65_26,39.46014959806961,-8.086584959158396,Portugal,Fall,"Temperate, dry summer, hot summer"
S1A_IW_GRDH_1SDV_20171122T063450_29SND_67_57,S2A_MSIL2A_20171121T112351_N9999_R037_T29SND_67_57,39.12476666081082,-8.06316808555314,Portugal,Fall,"Temperate, dry summer, hot summer"
S1B_IW_GRDH_1SDV_20171203T064230_29SNB_24_40,S2A_MSIL2A_20171201T112431_N9999_R037_T29SNB_24_40,37.509074606696586,-8.66756998934795,Portugal,Winter,"Temperate, dry summer, hot summer"
S1B_IW_GRDH_1SDV_20171203T064230_29SNB_25_40,S2A_MSIL2A_20171201T112431_N9999_R037_T29SNB_25_40,37.50903561488549,-8.653992403123864,Portugal,Winter,"Temperate, dry summer, hot summer"
S1A_IW_GRDH_1SDV_20171203T183450_29SNB_34_30,S2A_MSIL2A_20171201T112431_N9999_R037_T29SNB_34_30,37.61677368467956,-8.531118078325031,Portugal,Winter,"Temperate, dry summer, hot summer"
S1A_IW_GRDH_1SDV_20171203T183450_29SNB_34_60,S2A_MSIL2A_20171201T112431_N9999_R037_T29SNB_34_60,37.29229002929889,-8.533139391607579,Portugal,Winter,"Temperate, dry summer, hot summer"
S1A_IW_GRDH_1SDV_20171203T183450_29SNB_39_61,S2A_MSIL2A_20171201T112431_N9999_R037_T29SNB_39_61,37.28118735200499,-8.465524759731862,Portugal,Winter,"Temperate, dry summer, hot summer"
S1A_IW_GRDH_1SDV_20171203T183450_29SNB_39_64,S2A_MSIL2A_20171201T112431_N9999_R037_T29SNB_39_64,37.24873827399469,-8.465754038883782,Portugal,Winter,"Temperate, dry summer, hot summer"
S1A_IW_GRDH_1SDV_20171203T183450_29SNB_42_29,S2A_MSIL2A_20171201T112431_N9999_R037_T29SNB_42_29,37.62710696640126,-8.422260181405553,Portugal,Winter,"Temperate, dry summer, hot summer"
S1A_IW_GRDH_1SDV_20171203T183450_29SNB_44_43,S2A_MSIL2A_20171201T112431_N9999_R037_T29SNB_44_43,37.475550824856576,-8.396285752265689,Portugal,Winter,"Temperate, dry summer, hot summer"
S1A_IW_GRDH_1SDV_20171203T183450_29SNB_44_68,S2A_MSIL2A_20171201T112431_N9999_R037_T29SNB_44_68,37.20514850128079,-8.39844640565519,Portugal,Winter,"Temperate, dry summer, hot summer"
S1A_IW_GRDH_1SDV_20171203T183450_29SNB_47_29,S2A_MSIL2A_20171201T112431_N9999_R037_T29SNB_47_29,37.626754453719315,-8.354267876950086,Portugal,Winter,"Temperate, dry summer, hot summer"
S1A_IW_GRDH_1SDV_20171203T183450_29SNB_47_34,S2A_MSIL2A_20171201T112431_N9999_R037_T29SNB_47_34,37.57267681018689,-8.354735095659798,Portugal,Winter,"Temperate, dry summer, hot summer"
S1A_IW_GRDH_1SDV_20171203T183450_29SNB_58_23,S2A_MSIL2A_20171201T112431_N9999_R037_T29SNB_58_23,37.690731414374525,-8.203996856373376,Portugal,Winter,"Temperate, dry summer, hot summer"
S1A_IW_GRDH_1SDV_20171203T183450_29SNB_58_32,S2A_MSIL2A_20171201T112431_N9999_R037_T29SNB_58_32,37.59339556917719,-8.205034832122633,Portugal,Winter,"Temperate, dry summer, hot summer"
S1A_IW_GRDH_1SDV_20171203T183450_29SNB_58_65,S2A_MSIL2A_20171201T112431_N9999_R037_T29SNB_58_65,37.23648350541442,-8.208798309464324,Portugal,Winter,"Temperate, dry summer, hot summer"
S1A_IW_GRDH_1SDV_20171203T183450_29SNB_60_35,S2A_MSIL2A_20171201T112431_N9999_R037_T29SNB_60_35,37.560763912270154,-8.178207986779153,Portugal,Winter,"Temperate, dry summer, hot summer"
S1A_IW_GRDH_1SDV_20171203T183450_29SNB_60_67,S2A_MSIL2A_20171201T112431_N9999_R037_T29SNB_60_67,37.21466805509451,-8.181977135501763,Portugal,Winter,"Temperate, dry summer, hot summer"
S1A_IW_GRDH_1SDV_20171203T183450_29SNB_61_30,S2A_MSIL2A_20171201T112431_N9999_R037_T29SNB_61_30,37.61474398899715,-8.164017613312673,Portugal,Winter,"Temperate, dry summer, hot summer"
S1A_IW_GRDH_1SDV_20171203T183450_29SNB_65_54,S2A_MSIL2A_20171201T112431_N9999_R037_T29SNB_65_54,37.35478322260419,-8.112711063461342,Portugal,Winter,"Temperate, dry summer, hot summer"
S1A_IW_GRDH_1SDV_20171203T183450_29SNB_68_36,S2A_MSIL2A_20171201T112431_N9999_R037_T29SNB_68_36,37.54914247174964,-8.06965816118601,Portugal,Winter,"Temperate, dry summer, hot summer"
S1A_IW_GRDH_1SDV_20171207T162450_34TEN_24_32,S2A_MSIL2A_20171208T093351_N9999_R136_T34TEN_24_32,43.00110018138191,21.360460122474713,Serbia,Winter,"Cold, no dry season, warm summer"
S1A_IW_GRDH_1SDV_20171207T162450_34TEN_34_40,S2A_MSIL2A_20171208T093351_N9999_R136_T34TEN_34_40,42.91409572617013,21.506971850506975,Serbia,Winter,"Temperate, no dry season, warm summer"
S1A_IW_GRDH_1SDV_20171207T162450_34TEN_36_50,S2A_MSIL2A_20171208T093351_N9999_R136_T34TEN_36_50,42.805902734538776,21.535439963407267,Serbia,Winter,"Temperate, no dry season, hot summer"
S1A_IW_GRDH_1SDV_20171207T162450_34TEN_37_26,S2A_MSIL2A_20171208T093351_N9999_R136_T34TEN_37_26,43.065170687975005,21.552428905627266,Serbia,Winter,"Temperate, no dry season, hot summer"
S1A_IW_GRDH_1SDV_20171207T162450_34TEN_38_46,S2A_MSIL2A_20171208T093351_N9999_R136_T34TEN_38_46,42.84898536604689,21.565184839143306,Serbia,Winter,"Temperate, no dry season, hot summer"
S1A_IW_GRDH_1SDV_20171207T162450_34TEN_48_51,S2A_MSIL2A_20171208T093351_N9999_R136_T34TEN_48_51,42.79413820635559,21.71142001724682,Serbia,Winter,"Cold, no dry season, warm summer"
S1A_IW_GRDH_1SDV_20171207T162450_34TEN_50_39,S2A_MSIL2A_20171208T093351_N9999_R136_T34TEN_50_39,42.923617771198046,21.742316341312552,Serbia,Winter,"Temperate, no dry season, hot summer"
S1A_IW_GRDH_1SDV_20171207T162450_34TEN_53_53,S2A_MSIL2A_20171208T093351_N9999_R136_T34TEN_53_53,42.77204792446376,21.784508179309356,Serbia,Winter,"Cold, no dry season, warm summer"
S1A_IW_GRDH_1SDV_20171207T162450_34TEN_55_36,S2A_MSIL2A_20171208T093351_N9999_R136_T34TEN_55_36,42.95553282878251,21.816258413019423,Serbia,Winter,"Temperate, no dry season, hot summer"
S1A_IW_GRDH_1SDV_20171207T162450_34TEN_62_27,S2A_MSIL2A_20171208T093351_N9999_R136_T34TEN_62_27,43.0519945666854,21.920679666537467,Serbia,Winter,"Temperate, no dry season, hot summer"
S1A_IW_GRDH_1SDV_20171207T162450_34TEN_63_66,S2A_MSIL2A_20171208T093351_N9999_R136_T34TEN_63_66,42.63048100152754,21.929076679450194,Serbia,Winter,"Cold, no dry season, warm summer"
S1A_IW_GRDH_1SDV_20171207T162450_34TEN_67_47,S2A_MSIL2A_20171208T093351_N9999_R136_T34TEN_67_47,42.83528637046313,21.990871337239962,Serbia,Winter,"Cold, no dry season, warm summer"
S1A_IW_GRDH_1SDV_20171207T162450_34TEN_68_64,S2A_MSIL2A_20171208T093351_N9999_R136_T34TEN_68_64,42.651474520793606,22.002587955278244,Serbia,Winter,"Temperate, no dry season, hot summer"
S1B_IW_GRDH_1SDV_20171221T183435_29SND_23_40,S2A_MSIL2A_20171221T112501_N9999_R037_T29SND_23_40,39.311897144370576,-8.673125273257787,Portugal,Winter,"Temperate, dry summer, hot summer"
S1A_IW_GRDH_1SDV_20171221T064303_29SND_25_65,S2A_MSIL2A_20171221T112501_N9999_R037_T29SND_25_65,39.0414883222932,-8.64664260379425,Portugal,Winter,"Temperate, dry summer, hot summer"
S1A_IW_GRDH_1SDV_20171221T064238_29SND_26_26,S2A_MSIL2A_20171221T112501_N9999_R037_T29SND_26_26,39.463149966468904,-8.630570418843416,Portugal,Winter,"Temperate, dry summer, hot summer"
S1A_IW_GRDH_1SDV_20171221T064303_29SND_28_60,S2A_MSIL2A_20171221T112501_N9999_R037_T29SND_28_60,39.09542110437136,-8.604743396326688,Portugal,Winter,"Temperate, dry summer, hot summer"
S1A_IW_GRDH_1SDV_20171221T064238_29SND_39_31,S2A_MSIL2A_20171221T112501_N9999_R037_T29SND_39_31,39.40837096024113,-8.449658865806404,Portugal,Winter,"Temperate, dry summer, hot summer"
S1A_IW_GRDH_1SDV_20171221T064303_29SND_47_61,S2A_MSIL2A_20171221T112501_N9999_R037_T29SND_47_61,39.083416501217975,-8.341198427170777,Portugal,Winter,"Temperate, dry summer, hot summer"
S1A_IW_GRDH_1SDV_20171221T064238_29SND_53_44,S2A_MSIL2A_20171221T112501_N9999_R037_T29SND_53_44,39.26672714188879,-8.256023739174454,Portugal,Winter,"Temperate, dry summer, hot summer"
S1A_IW_GRDH_1SDV_20171221T064303_29SND_54_49,S2A_MSIL2A_20171221T112501_N9999_R037_T29SND_54_49,39.212576268901586,-8.242695939130922,Portugal,Winter,"Temperate, dry summer, hot summer"
S1A_IW_GRDH_1SDV_20171221T064238_29SND_55_33,S2A_MSIL2A_20171221T112501_N9999_R037_T29SND_55_33,39.38547849570672,-8.22689678933762,Portugal,Winter,"Temperate, dry summer, hot summer"
S1A_IW_GRDH_1SDV_20171221T064238_29SND_55_39,S2A_MSIL2A_20171221T112501_N9999_R037_T29SND_55_39,39.32060658044835,-8.227611424867247,Portugal,Winter,"Temperate, dry summer, hot summer"
S1B_IW_GRDH_1SDV_20171221T183435_29SND_59_53,S2A_MSIL2A_20171221T112501_N9999_R037_T29SND_59_53,39.16885519143587,-8.173710380324424,Portugal,Winter,"Temperate, dry summer, hot summer"
S1B_IW_GRDH_1SDV_20171222T063355_29SND_64_68,S2A_MSIL2A_20171221T112501_N9999_R037_T29SND_64_68,39.006159867859964,-8.106311536006459,Portugal,Winter,"Temperate, dry summer, hot summer"
S1B_IW_GRDH_1SDV_20171222T063355_29SND_67_68,S2A_MSIL2A_20171221T112501_N9999_R037_T29SND_67_68,39.00583399289385,-8.064738937129253,Portugal,Winter,"Temperate, dry summer, hot summer"
S1A_IW_GRDH_1SDV_20180207T045754_35VLJ_29_36,S2A_MSIL2A_20180205T100211_N9999_R122_T35VLJ_29_36,61.8030913413358,23.8766935210171,Finland,Winter,"Cold, no dry season, cold summer"
S1A_IW_GRDH_1SDV_20180207T045754_35VLJ_29_38,S2A_MSIL2A_20180205T100211_N9999_R122_T35VLJ_29_38,61.78157888393007,23.8788779844703,Finland,Winter,"Cold, no dry season, cold summer"
S1A_IW_GRDH_1SDV_20180202T044945_35VLJ_40_47,S2A_MSIL2A_20180205T100211_N9999_R122_T35VLJ_40_47,61.69020713426999,24.13779227226152,Finland,Winter,"Cold, no dry season, cold summer"
S1A_IW_GRDH_1SDV_20180202T044945_35VLJ_43_29,S2A_MSIL2A_20180205T100211_N9999_R122_T35VLJ_43_29,61.88527908470054,24.188103709129123,Finland,Winter,"Cold, no dry season, cold summer"
S1A_IW_GRDH_1SDV_20180202T044945_35VLJ_49_35,S2A_MSIL2A_20180205T100211_N9999_R122_T35VLJ_49_35,61.823445275198225,24.33052696102206,Finland,Winter,"Cold, no dry season, cold summer"
S1A_IW_GRDH_1SDV_20180202T044945_35VLJ_60_41,S2A_MSIL2A_20180205T100211_N9999_R122_T35VLJ_60_41,61.763506393302045,24.585941786939433,Finland,Winter,"Cold, no dry season, cold summer"
S1A_IW_GRDH_1SDV_20180202T044945_35VLJ_61_68,S2A_MSIL2A_20180205T100211_N9999_R122_T35VLJ_61_68,61.4732977891346,24.63098026443051,Finland,Winter,"Cold, no dry season, warm summer"
S1A_IW_GRDH_1SDV_20180202T044945_35VLJ_62_30,S2A_MSIL2A_20180205T100211_N9999_R122_T35VLJ_62_30,61.88269062227694,24.622225979264417,Finland,Winter,"Cold, no dry season, cold summer"
S1B_IW_GRDH_1SDV_20180225T063817_29UPU_26_46,S2A_MSIL2A_20180225T114351_N9999_R123_T29UPU_26_46,52.73195159365627,-7.048037383797021,Ireland,Winter,"Temperate, no dry season, warm summer"
S1B_IW_GRDH_1SDV_20180225T063817_29UPU_29_48,S2A_MSIL2A_20180225T114351_N9999_R123_T29UPU_29_48,52.70949993072917,-6.995745412311366,Ireland,Winter,"Temperate, no dry season, warm summer"
S1B_IW_GRDH_1SDV_20180225T063817_29UPU_31_33,S2A_MSIL2A_20180225T114351_N9999_R123_T29UPU_31_33,52.87060679456429,-6.952663343373563,Ireland,Winter,"Temperate, no dry season, warm summer"
S1B_IW_GRDH_1SDV_20180225T063817_29UPU_35_29,S2A_MSIL2A_20180225T114351_N9999_R123_T29UPU_35_29,52.91247689735951,-6.879296178113861,Ireland,Winter,"Temperate, no dry season, warm summer"
S1B_IW_GRDH_1SDV_20180225T063817_29UPU_36_66,S2A_MSIL2A_20180225T114351_N9999_R123_T29UPU_36_66,52.51328270797731,-6.880887897671228,Ireland,Winter,"Temperate, no dry season, warm summer"
S1B_IW_GRDH_1SDV_20180225T063817_29UPU_37_52,S2A_MSIL2A_20180225T114351_N9999_R123_T29UPU_37_52,52.663892341050826,-6.855860649202519,Ireland,Winter,"Temperate, no dry season, warm summer"
S1B_IW_GRDH_1SDV_20180225T063817_29UPU_38_25,S2A_MSIL2A_20180225T114351_N9999_R123_T29UPU_38_25,52.95462817466875,-6.823636729348793,Ireland,Winter,"Temperate, no dry season, warm summer"
S1B_IW_GRDH_1SDV_20180225T063817_29UPU_38_37,S2A_MSIL2A_20180225T114351_N9999_R123_T29UPU_38_37,52.825271149209975,-6.830108876732053,Ireland,Winter,"Temperate, no dry season, warm summer"
S1B_IW_GRDH_1SDV_20180225T063817_29UPU_38_40,S2A_MSIL2A_20180225T114351_N9999_R123_T29UPU_38_40,52.792931363528396,-6.831719185231217,Ireland,Winter,"Temperate, no dry season, warm summer"
S1B_IW_GRDH_1SDV_20180225T063817_29UPU_38_52,S2A_MSIL2A_20180225T114351_N9999_R123_T29UPU_38_52,52.66357010454208,-6.838129741958962,Ireland,Winter,"Temperate, no dry season, warm summer"
S1B_IW_GRDH_1SDV_20180225T063817_29UPU_43_33,S2A_MSIL2A_20180225T114351_N9999_R123_T29UPU_43_33,52.86672736856633,-6.738891299053053,Ireland,Winter,"Temperate, no dry season, warm summer"
S1B_IW_GRDH_1SDV_20180225T063817_29UPU_43_46,S2A_MSIL2A_20180225T114351_N9999_R123_T29UPU_43_46,52.72659636438227,-6.746150257237105,Ireland,Winter,"Temperate, no dry season, warm summer"
S1B_IW_GRDH_1SDV_20180225T063817_29UPU_44_65,S2A_MSIL2A_20180225T114351_N9999_R123_T29UPU_44_65,52.5214458276739,-6.738979651517453,Ireland,Winter,"Temperate, no dry season, warm summer"
S1B_IW_GRDH_1SDV_20180225T063817_29UPU_47_30,S2A_MSIL2A_20180225T114351_N9999_R123_T29UPU_47_30,52.89768451813792,-6.66590851701388,Ireland,Winter,"Temperate, no dry season, warm summer"
S1B_IW_GRDH_1SDV_20180225T063817_29UPU_47_59,S2A_MSIL2A_20180225T114351_N9999_R123_T29UPU_47_59,52.58509657433173,-6.682557857039512,Ireland,Winter,"Temperate, no dry season, warm summer"
S1B_IW_GRDH_1SDV_20180225T063817_29UPU_51_35,S2A_MSIL2A_20180225T114351_N9999_R123_T29UPU_51_35,52.84237128662489,-6.597596070187004,Ireland,Winter,"Temperate, no dry season, warm summer"
S1B_IW_GRDH_1SDV_20180225T063817_29UPU_53_41,S2A_MSIL2A_20180225T114351_N9999_R123_T29UPU_53_41,52.77697774742436,-6.565612851275037,Ireland,Winter,"Temperate, no dry season, warm summer"
S1B_IW_GRDH_1SDV_20180225T063817_29UPU_66_43,S2A_MSIL2A_20180225T114351_N9999_R123_T29UPU_66_43,52.75045753844982,-6.3359085775610815,Ireland,Winter,"Temperate, no dry season, warm summer"
S1B_IW_GRDH_1SDV_20180225T063817_29UPU_66_45,S2A_MSIL2A_20180225T114351_N9999_R123_T29UPU_66_45,52.72890528281702,-6.337223317351878,Ireland,Winter,"Temperate, no dry season, warm summer"
S1A_IW_GRDH_1SDV_20180228T154946_34WFS_49_46,S2A_MSIL2A_20180228T101021_N9999_R022_T34WFS_49_46,64.38621158681309,24.305738948966574,Finland,Winter,"Cold, no dry season, cold summer"
S1B_IW_GRDH_1SDV_20180318T043418_35UMB_52_40,S2A_MSIL2A_20180318T093031_N9999_R136_T35UMB_52_40,55.50764266865184,26.413534095572604,Lithuania,Spring,"Cold, no dry season, warm summer"
S1A_IW_GRDH_1SDV_20180413T161957_34UEG_28_34,S2A_MSIL2A_20180413T095031_N9999_R079_T34UEG_28_34,55.57254468109102,21.54207426285606,Lithuania,Spring,"Cold, no dry season, warm summer"
S1A_IW_GRDH_1SDV_20180413T161957_34UEG_38_62,S2A_MSIL2A_20180413T095031_N9999_R079_T34UEG_38_62,55.26965722875173,21.72680674790019,Lithuania,Spring,"Cold, no dry season, warm summer"
S1A_IW_GRDH_1SDV_20180413T161957_34UEG_39_36,S2A_MSIL2A_20180413T095031_N9999_R079_T34UEG_39_36,55.54987682301776,21.75098954089095,Lithuania,Spring,"Cold, no dry season, warm summer"
S1A_IW_GRDH_1SDV_20180413T161957_34UEG_44_28,S2A_MSIL2A_20180413T095031_N9999_R079_T34UEG_44_28,55.635509020253004,21.847938469753018,Lithuania,Spring,"Cold, no dry season, warm summer"
S1A_IW_GRDH_1SDV_20180413T161957_34UEG_46_24,S2A_MSIL2A_20180413T095031_N9999_R079_T34UEG_46_24,55.678364652731254,21.887031939047006,Lithuania,Spring,"Cold, no dry season, warm summer"
S1A_IW_GRDH_1SDV_20180413T161957_34UEG_51_54,S2A_MSIL2A_20180413T095031_N9999_R079_T34UEG_51_54,55.354201831621836,21.97440637920334,Lithuania,Spring,"Cold, no dry season, warm summer"
S1A_IW_GRDH_1SDV_20180413T161957_34UEG_52_25,S2A_MSIL2A_20180413T095031_N9999_R079_T34UEG_52_25,55.66670326109249,22.001234848203,Lithuania,Spring,"Cold, no dry season, warm summer"
S1A_IW_GRDH_1SDV_20180413T161957_34UEG_52_63,S2A_MSIL2A_20180413T095031_N9999_R079_T34UEG_52_63,55.25701561123484,21.99090787312459,Lithuania,Spring,"Cold, no dry season, warm summer"
S1A_IW_GRDH_1SDV_20180413T161957_34UEG_53_61,S2A_MSIL2A_20180413T095031_N9999_R079_T34UEG_53_61,55.27842402067633,22.010332236536552,Lithuania,Spring,"Cold, no dry season, warm summer"
S1A_IW_GRDH_1SDV_20180413T161957_34UEG_57_54,S2A_MSIL2A_20180413T095031_N9999_R079_T34UEG_57_54,55.35324395357118,22.08794450379118,Lithuania,Spring,"Cold, no dry season, warm summer"
S1A_IW_GRDH_1SDV_20180413T161957_34UEG_58_46,S2A_MSIL2A_20180413T095031_N9999_R079_T34UEG_58_46,55.43932191905902,22.109279456411873,Lithuania,Spring,"Cold, no dry season, warm summer"
S1A_IW_GRDH_1SDV_20180415T160451_35VLG_25_33,S2A_MSIL2A_20180413T095031_N9999_R079_T35VLG_25_33,60.04051437391373,23.958508397903678,Finland,Spring,"Cold, no dry season, warm summer"
S1A_IW_GRDH_1SDV_20180415T160451_35VLG_25_51,S2A_MSIL2A_20180413T095031_N9999_R079_T35VLG_25_51,59.846832371591034,23.9762109503496,Finland,Spring,"Cold, no dry season, warm summer"
S1A_IW_GRDH_1SDV_20180415T160451_35VLG_29_33,S2A_MSIL2A_20180413T095031_N9999_R079_T35VLG_29_33,60.04246767947766,24.044554227930927,Finland,Spring,"Cold, no dry season, warm summer"
S1A_IW_GRDH_1SDV_20180415T160451_35VLG_33_49,S2A_MSIL2A_20180413T095031_N9999_R079_T35VLG_33_49,59.872177199637726,24.145471194830947,Finland,Spring,"Cold, no dry season, warm summer"
S1A_IW_GRDH_1SDV_20180415T160451_35VLG_34_50,S2A_MSIL2A_20180413T095031_N9999_R079_T35VLG_34_50,59.86187742283718,24.167792162749006,Finland,Spring,"Cold, no dry season, warm summer"
S1A_IW_GRDH_1SDV_20180415T160451_35VLG_35_49,S2A_MSIL2A_20180413T095031_N9999_R079_T35VLG_35_49,59.87309849375116,24.188282099610063,Finland,Spring,"Cold, no dry season, warm summer"
S1A_IW_GRDH_1SDV_20180415T160451_35VLG_37_46,S2A_MSIL2A_20180413T095031_N9999_R079_T35VLG_37_46,59.90629397887822,24.228406189973732,Finland,Spring,"Cold, no dry season, warm summer"
S1A_IW_GRDH_1SDV_20180415T160451_35VLG_46_48,S2A_MSIL2A_20180413T095031_N9999_R079_T35VLG_46_48,59.88868146335298,24.422956393048292,Finland,Spring,"Cold, no dry season, warm summer"
S1A_IW_GRDH_1SDV_20180415T160451_35VLG_47_55,S2A_MSIL2A_20180413T095031_N9999_R079_T35VLG_47_55,59.813746196630376,24.45015125115512,Finland,Spring,"Cold, no dry season, warm summer"
S1A_IW_GRDH_1SDV_20180415T160451_35VLG_49_24,S2A_MSIL2A_20180413T095031_N9999_R079_T35VLG_49_24,60.14827442234416,24.467523642517655,Finland,Spring,"Cold, no dry season, warm summer"
S1A_IW_GRDH_1SDV_20180415T160451_35VLG_50_45,S2A_MSIL2A_20180413T095031_N9999_R079_T35VLG_50_45,59.92262526051666,24.50622081903868,Finland,Spring,"Cold, no dry season, warm summer"
S1A_IW_GRDH_1SDV_20180415T160451_35VLG_51_38,S2A_MSIL2A_20180413T095031_N9999_R079_T35VLG_51_38,59.998385086740875,24.522041173799632,Finland,Spring,"Cold, no dry season, warm summer"
S1A_IW_GRDH_1SDV_20180415T160451_35VLG_58_25,S2A_MSIL2A_20180413T095031_N9999_R079_T35VLG_58_25,60.14108241155252,24.662619813721495,Finland,Spring,"Cold, no dry season, warm summer"
S1A_IW_GRDH_1SDV_20180415T160451_35VLG_59_37,S2A_MSIL2A_20180413T095031_N9999_R079_T35VLG_59_37,60.012267126458894,24.69325273305156,Finland,Spring,"Cold, no dry season, warm summer"
S1A_IW_GRDH_1SDV_20180415T160451_35VLG_62_24,S2A_MSIL2A_20180413T095031_N9999_R079_T35VLG_62_24,60.15334525092687,24.74824033266037,Finland,Spring,"Cold, no dry season, warm summer"
S1A_IW_GRDH_1SDV_20180415T160451_35VLG_63_30,S2A_MSIL2A_20180413T095031_N9999_R079_T35VLG_63_30,60.08911008720131,24.77420524055182,Finland,Spring,"Cold, no dry season, warm summer"
S1A_IW_GRDH_1SDV_20180415T160451_35VLG_64_37,S2A_MSIL2A_20180413T095031_N9999_R079_T35VLG_64_37,60.01410156394656,24.800782248184355,Finland,Spring,"Cold, no dry season, warm summer"
S1A_IW_GRDH_1SDV_20180415T160451_35VLG_66_34,S2A_MSIL2A_20180413T095031_N9999_R079_T35VLG_66_34,60.047113116793,24.841691249105125,Finland,Spring,"Cold, no dry season, warm summer"
S1A_IW_GRDH_1SDV_20180415T160451_35VLG_66_39,S2A_MSIL2A_20180413T095031_N9999_R079_T35VLG_66_39,59.99327588243271,24.845199656215375,Finland,Spring,"Cold, no dry season, warm summer"
S1A_IW_GRDH_1SDV_20180415T160451_35VLG_68_25,S2A_MSIL2A_20180413T095031_N9999_R079_T35VLG_68_25,60.14471761084908,24.878528585340412,Finland,Spring,"Cold, no dry season, warm summer"
S1A_IW_GRDH_1SDV_20180420T161303_34VDN_26_61,S2A_MSIL2A_20180419T101031_N9999_R022_T34VDN_26_61,60.66605274013345,19.7513370814022,Finland,Spring,"Cold, no dry season, warm summer"
S1A_IW_GRDH_1SDV_20180420T161303_34VDN_42_60,S2A_MSIL2A_20180419T101031_N9999_R022_T34VDN_42_60,60.67963977196875,20.102300349814165,Finland,Spring,"Cold, no dry season, warm summer"
S1A_IW_GRDH_1SDV_20180420T161303_34VDN_43_61,S2A_MSIL2A_20180419T101031_N9999_R022_T34VDN_43_61,60.669012390712524,20.12455645720405,Finland,Spring,"Cold, no dry season, warm summer"
S1A_IW_GRDH_1SDV_20180420T161303_34VDN_52_64,S2A_MSIL2A_20180419T101031_N9999_R022_T34VDN_52_64,60.637838350162575,20.32285009753705,Finland,Spring,"Cold, no dry season, warm summer"
S1A_IW_GRDH_1SDV_20180420T161303_34VDN_62_59,S2A_MSIL2A_20180419T101031_N9999_R022_T34VDN_62_59,60.69263675817349,20.54145362852677,Finland,Spring,"Cold, no dry season, warm summer"
S1A_IW_GRDH_1SDV_20180420T161303_34VDN_62_62,S2A_MSIL2A_20180419T101031_N9999_R022_T34VDN_62_62,60.660315760751025,20.541913165490513,Finland,Spring,"Cold, no dry season, warm summer"
S1A_IW_GRDH_1SDV_20180420T161303_34VDN_64_45,S2A_MSIL2A_20180419T101031_N9999_R022_T34VDN_64_45,60.84361003045251,20.583450523817174,Finland,Spring,"Cold, no dry season, warm summer"
S1A_IW_GRDH_1SDV_20180420T161328_34VDN_68_33,S2A_MSIL2A_20180419T101031_N9999_R022_T34VDN_68_33,60.97313612990004,20.670431260153695,Finland,Spring,"Cold, no dry season, warm summer"
S1B_IW_GRDH_1SDV_20180429T163254_34TCR_37_28,S2A_MSIL2A_20180430T094031_N9999_R036_T34TCR_37_28,45.72838802057518,19.007966575385566,Serbia,Spring,"Temperate, no dry season, hot summer"
S1B_IW_GRDH_1SDV_20180429T163254_34TCR_43_52,S2A_MSIL2A_20180430T094031_N9999_R036_T34TCR_43_52,45.470877515428874,19.109172981346468,Serbia,Spring,"Temperate, no dry season, hot summer"
S1B_IW_GRDH_1SDV_20180429T163254_34TCR_43_63,S2A_MSIL2A_20180430T094031_N9999_R036_T34TCR_43_63,45.35212534007663,19.11313277421133,Serbia,Spring,"Temperate, no dry season, hot summer"
S1B_IW_GRDH_1SDV_20180429T163254_34TCR_44_46,S2A_MSIL2A_20180430T094031_N9999_R036_T34TCR_44_46,45.53590388082341,19.122363710981606,Serbia,Spring,"Temperate, no dry season, hot summer"
S1B_IW_GRDH_1SDV_20180429T163254_34TCR_47_62,S2A_MSIL2A_20180430T094031_N9999_R036_T34TCR_47_62,45.363917177875436,19.17403215859591,Serbia,Spring,"Temperate, no dry season, hot summer"
S1B_IW_GRDH_1SDV_20180429T163254_34TCR_49_37,S2A_MSIL2A_20180430T094031_N9999_R036_T34TCR_49_37,45.63430359332119,19.196061582599555,Serbia,Spring,"Temperate, no dry season, hot summer"
S1B_IW_GRDH_1SDV_20180429T163254_34TCR_51_34,S2A_MSIL2A_20180430T094031_N9999_R036_T34TCR_51_34,45.667173273298964,19.22581665975144,Serbia,Spring,"Temperate, no dry season, hot summer"
S1B_IW_GRDH_1SDV_20180429T163254_34TCR_53_25,S2A_MSIL2A_20180430T094031_N9999_R036_T34TCR_53_25,45.764810941572414,19.253587889978167,Serbia,Spring,"Temperate, no dry season, hot summer"
S1B_IW_GRDH_1SDV_20180429T163254_34TCR_53_31,S2A_MSIL2A_20180430T094031_N9999_R036_T34TCR_53_31,45.70003552833458,19.25560625244731,Serbia,Spring,"Temperate, no dry season, hot summer"
S1B_IW_GRDH_1SDV_20180429T163254_34TCR_56_43,S2A_MSIL2A_20180430T094031_N9999_R036_T34TCR_56_43,45.57117575052327,19.305738441734462,Serbia,Spring,"Temperate, no dry season, hot summer"
S1B_IW_GRDH_1SDV_20180429T163254_34TCR_56_55,S2A_MSIL2A_20180430T094031_N9999_R036_T34TCR_56_55,45.44161616923608,19.30962171992401,Serbia,Spring,"Temperate, no dry season, hot summer"
S1B_IW_GRDH_1SDV_20180429T163254_34TCR_56_64,S2A_MSIL2A_20180430T094031_N9999_R036_T34TCR_56_64,45.344444376975666,19.312516885324932,Serbia,Spring,"Temperate, no dry season, hot summer"
S1B_IW_GRDH_1SDV_20180429T163254_34TCR_61_63,S2A_MSIL2A_20180430T094031_N9999_R036_T34TCR_61_63,45.35634744541596,19.38876706160497,Serbia,Spring,"Temperate, no dry season, hot summer"
S1B_IW_GRDH_1SDV_20180429T163254_34TCR_63_53,S2A_MSIL2A_20180430T094031_N9999_R036_T34TCR_63_53,45.46474960161088,19.416381431001955,Serbia,Spring,"Temperate, no dry season, hot summer"
S1B_IW_GRDH_1SDV_20180429T163254_34TCR_64_35,S2A_MSIL2A_20180430T094031_N9999_R036_T34TCR_64_35,45.659310563336696,19.42630780807904,Serbia,Spring,"Temperate, no dry season, hot summer"
S1B_IW_GRDH_1SDV_20180429T163254_34TCR_64_61,S2A_MSIL2A_20180430T094031_N9999_R036_T34TCR_64_61,45.37858163308565,19.43411596641978,Serbia,Spring,"Temperate, no dry season, hot summer"
S1B_IW_GRDH_1SDV_20180429T163254_34TCR_67_44,S2A_MSIL2A_20180430T094031_N9999_R036_T34TCR_67_44,45.5627618438771,19.47513678433178,Serbia,Spring,"Temperate, no dry season, hot summer"
S1B_IW_GRDH_1SDV_20180429T163254_34TCR_68_25,S2A_MSIL2A_20180430T094031_N9999_R036_T34TCR_68_25,45.76811436823112,19.484983114429294,Serbia,Spring,"Temperate, no dry season, hot summer"
S1B_IW_GRDH_1SDV_20180429T163254_34TCR_68_49,S2A_MSIL2A_20180430T094031_N9999_R036_T34TCR_68_49,45.508978321232725,19.491952221734067,Serbia,Spring,"Temperate, no dry season, hot summer"
S1B_IW_GRDH_1SDV_20180429T163254_34TCR_68_66,S2A_MSIL2A_20180430T094031_N9999_R036_T34TCR_68_66,45.325415978602955,19.496831536306495,Serbia,Spring,"Temperate, no dry season, hot summer"
S1A_IW_GRDH_1SDV_20180507T050948_33UWP_23_57,S2A_MSIL2A_20180506T100031_N9999_R122_T33UWP_23_57,48.131631090956446,15.378735505705608,Austria,Spring,"Cold, no dry season, warm summer"
S1A_IW_GRDH_1SDV_20180507T050948_33UWP_28_38,S2A_MSIL2A_20180506T100031_N9999_R122_T33UWP_28_38,48.33645793492191,15.461212036252768,Austria,Spring,"Cold, no dry season, warm summer"
S1A_IW_GRDH_1SDV_20180507T050948_33UWP_34_64,S2A_MSIL2A_20180506T100031_N9999_R122_T33UWP_34_64,48.05533801505324,15.555320179165284,Austria,Spring,"Cold, no dry season, warm summer"
S1A_IW_GRDH_1SDV_20180507T050948_33UWP_44_42,S2A_MSIL2A_20180506T100031_N9999_R122_T33UWP_44_42,48.291946754482055,15.719664631019683,Austria,Spring,"Temperate, no dry season, warm summer"
S1A_IW_GRDH_1SDV_20180507T050948_33UWP_54_30,S2A_MSIL2A_20180506T100031_N9999_R122_T33UWP_54_30,48.42035673122987,15.883666912887238,Austria,Spring,"Temperate, no dry season, warm summer"
S1A_IW_GRDH_1SDV_20180507T050948_33UWP_55_34,S2A_MSIL2A_20180506T100031_N9999_R122_T33UWP_55_34,48.37705288257358,15.899122617363199,Austria,Spring,"Temperate, no dry season, warm summer"
S1A_IW_GRDH_1SDV_20180507T050948_33UWP_57_32,S2A_MSIL2A_20180506T100031_N9999_R122_T33UWP_57_32,48.39838396887397,15.931922901028855,Austria,Spring,"Temperate, no dry season, warm summer"
S1A_IW_GRDH_1SDV_20180507T050948_33UWP_65_31,S2A_MSIL2A_20180506T100031_N9999_R122_T33UWP_65_31,48.40805450145947,16.06182225113835,Austria,Spring,"Temperate, no dry season, warm summer"
S1A_IW_GRDH_1SDV_20180507T050948_33UWP_66_41,S2A_MSIL2A_20180506T100031_N9999_R122_T33UWP_66_41,48.29996326244863,16.075759562544572,Austria,Spring,"Temperate, no dry season, warm summer"
S1A_IW_GRDH_1SDV_20180507T050948_33UWP_67_27,S2A_MSIL2A_20180506T100031_N9999_R122_T33UWP_67_27,48.45092605256304,16.09517394617728,Austria,Spring,"Cold, no dry season, warm summer"
S1A_IW_GRDH_1SDV_20180507T050948_33UWP_67_56,S2A_MSIL2A_20180506T100031_N9999_R122_T33UWP_67_56,48.137896969623526,16.08849922965855,Austria,Spring,"Cold, no dry season, warm summer"
S1A_IW_GRDH_1SDV_20180507T050948_33UWP_67_57,S2A_MSIL2A_20180506T100031_N9999_R122_T33UWP_67_57,48.12710254550153,16.088271094147657,Austria,Spring,"Cold, no dry season, warm summer"
S1A_IW_GRDH_1SDV_20180509T160543_34VDR_63_64,S2A_MSIL2A_20180509T101031_N9999_R022_T34VDR_63_64,63.331739151962154,20.523929017364733,Finland,Spring,"Cold, no dry season, cold summer"
S1A_IW_GRDH_1SDV_20180509T160543_34VDR_63_67,S2A_MSIL2A_20180509T101031_N9999_R022_T34VDR_63_67,63.299430687717056,20.52446212377593,Finland,Spring,"Cold, no dry season, cold summer"
S1A_IW_GRDH_1SDV_20180509T160543_34VDR_68_67,S2A_MSIL2A_20180509T101031_N9999_R022_T34VDR_68_67,63.29977971838723,20.644141242226233,Finland,Spring,"Cold, no dry season, cold summer"
S1A_IW_GRDH_1SDV_20180509T160338_35VLC_43_56,S2A_MSIL2A_20180510T094031_N9999_R036_T35VLC_43_56,56.211728664615585,24.61688239236201,Lithuania,Spring,"Cold, no dry season, warm summer"
S1A_IW_GRDH_1SDV_20180509T160338_35VLC_49_64,S2A_MSIL2A_20180510T094031_N9999_R036_T35VLC_49_64,56.12772420534035,24.737944591939062,Lithuania,Spring,"Cold, no dry season, warm summer"
S1A_IW_GRDH_1SDV_20180509T160338_35VLC_54_55,S2A_MSIL2A_20180510T094031_N9999_R036_T35VLC_54_55,56.22641829363535,24.828928475163824,Lithuania,Spring,"Cold, no dry season, warm summer"
S1A_IW_GRDH_1SDV_20180509T160338_35VLC_54_67,S2A_MSIL2A_20180510T094031_N9999_R036_T35VLC_54_67,56.09713112513503,24.836211967587708,Lithuania,Spring,"Cold, no dry season, warm summer"
S1A_IW_GRDH_1SDV_20180509T160338_35VLC_56_46,S2A_MSIL2A_20180510T094031_N9999_R036_T35VLC_56_46,56.32405691240734,24.86220519855367,Lithuania,Spring,"Cold, no dry season, warm summer"
S1A_IW_GRDH_1SDV_20180509T160338_35VLC_59_40,S2A_MSIL2A_20180510T094031_N9999_R036_T35VLC_59_40,56.389692453062224,24.91685345933872,Lithuania,Spring,"Cold, no dry season, warm summer"
S1A_IW_GRDH_1SDV_20180509T160338_35VLC_60_55,S2A_MSIL2A_20180510T094031_N9999_R036_T35VLC_60_55,56.228400972024325,24.944976448036424,Lithuania,Spring,"Cold, no dry season, warm summer"
S1A_IW_GRDH_1SDV_20180526T045642_34WFU_24_47,S2A_MSIL2A_20180526T100031_N9999_R122_T34WFU_24_47,66.18088315600706,23.87222674632773,Finland,Spring,"Cold, no dry season, cold summer"
S1A_IW_GRDH_1SDV_20180526T045642_34WFU_33_33,S2A_MSIL2A_20180526T100031_N9999_R122_T34WFU_33_33,66.3267511755987,24.13016198010066,Finland,Spring,"Cold, no dry season, cold summer"
S1A_IW_GRDH_1SDV_20180526T045642_34WFU_34_53,S2A_MSIL2A_20180526T100031_N9999_R122_T34WFU_34_53,66.11122227736563,24.13013926323976,Finland,Spring,"Cold, no dry season, cold summer"
S1A_IW_GRDH_1SDV_20180526T045642_34WFU_36_43,S2A_MSIL2A_20180526T100031_N9999_R122_T34WFU_36_43,66.21762825307135,24.196712694753426,Finland,Spring,"Cold, no dry season, cold summer"
S1A_IW_GRDH_1SDV_20180526T045642_34WFU_36_55,S2A_MSIL2A_20180526T100031_N9999_R122_T34WFU_36_55,66.08863983311755,24.180474174434273,Finland,Spring,"Cold, no dry season, cold summer"
S1A_IW_GRDH_1SDV_20180526T045642_34WFU_47_54,S2A_MSIL2A_20180526T100031_N9999_R122_T34WFU_47_54,66.09310481736412,24.473263995880377,Finland,Spring,"Cold, no dry season, cold summer"
S1A_IW_GRDH_1SDV_20180526T045642_34WFU_48_54,S2A_MSIL2A_20180526T100031_N9999_R122_T34WFU_48_54,66.09250628364089,24.499750880606424,Finland,Spring,"Cold, no dry season, cold summer"
S1A_IW_GRDH_1SDV_20180526T045642_34WFU_57_41,S2A_MSIL2A_20180526T100031_N9999_R122_T34WFU_57_41,66.2265699459041,24.758749471986366,Finland,Spring,"Cold, no dry season, cold summer"
S1A_IW_GRDH_1SDV_20180526T045642_34WFU_60_47,S2A_MSIL2A_20180526T100031_N9999_R122_T34WFU_60_47,66.16016249840509,24.828821989697225,Finland,Spring,"Cold, no dry season, cold summer"
S1A_IW_GRDH_1SDV_20180526T045642_34WFU_64_46,S2A_MSIL2A_20180526T100031_N9999_R122_T34WFU_64_46,66.16823619873048,24.93666887920119,Finland,Spring,"Cold, no dry season, cold summer"
S1A_IW_GRDH_1SDV_20180529T181504_29UNB_31_63,S2A_MSIL2A_20180529T115401_N9999_R023_T29UNB_31_63,55.259589920779185,-8.405549352423359,Ireland,Spring,"Temperate, no dry season, warm summer"
S1A_IW_GRDH_1SDV_20180529T181504_29UNB_33_53,S2A_MSIL2A_20180529T115401_N9999_R023_T29UNB_33_53,55.367225108547466,-8.366071227339484,Ireland,Spring,"Temperate, no dry season, warm summer"
S1A_IW_GRDH_1SDV_20180529T181504_29UNB_39_53,S2A_MSIL2A_20180529T115401_N9999_R023_T29UNB_39_53,55.36658336458506,-8.252485221799637,Ireland,Spring,"Temperate, no dry season, warm summer"
S1A_IW_GRDH_1SDV_20180529T181504_29UNB_39_61,S2A_MSIL2A_20180529T115401_N9999_R023_T29UNB_39_61,55.28032565608633,-8.254106674838429,Ireland,Spring,"Temperate, no dry season, warm summer"
S1A_IW_GRDH_1SDV_20180529T181504_29UNB_43_61,S2A_MSIL2A_20180529T115401_N9999_R023_T29UNB_43_61,55.279840759122294,-8.178549569198465,Ireland,Spring,"Temperate, no dry season, warm summer"
S1A_IW_GRDH_1SDV_20180529T181504_29UNB_44_66,S2A_MSIL2A_20180529T115401_N9999_R023_T29UNB_44_66,55.22580174838766,-8.160797370116791,Ireland,Spring,"Temperate, no dry season, warm summer"
S1A_IW_GRDH_1SDV_20180529T181504_29UNB_48_45,S2A_MSIL2A_20180529T115401_N9999_R023_T29UNB_48_45,55.451675637154445,-8.080114039257838,Ireland,Spring,"Temperate, no dry season, warm summer"
S1A_IW_GRDH_1SDV_20180529T181504_29UNB_48_50,S2A_MSIL2A_20180529T115401_N9999_R023_T29UNB_48_50,55.397767830350986,-8.08136633533787,Ireland,Spring,"Temperate, no dry season, warm summer"
S1A_IW_GRDH_1SDV_20180529T181504_29UNB_49_56,S2A_MSIL2A_20180529T115401_N9999_R023_T29UNB_49_56,55.332934384889626,-8.063949792987549,Ireland,Spring,"Temperate, no dry season, warm summer"
S1A_IW_GRDH_1SDV_20180529T181504_29UNB_52_47,S2A_MSIL2A_20180529T115401_N9999_R023_T29UNB_52_47,55.4295191952201,-8.004776188134933,Ireland,Spring,"Temperate, no dry season, warm summer"
S1A_IW_GRDH_1SDV_20180529T181504_29UNB_52_62,S2A_MSIL2A_20180529T115401_N9999_R023_T29UNB_52_62,55.267797235451994,-8.008823739920699,Ireland,Spring,"Temperate, no dry season, warm summer"
S1A_IW_GRDH_1SDV_20180529T181504_29UNB_52_66,S2A_MSIL2A_20180529T115401_N9999_R023_T29UNB_52_66,55.22467061833554,-8.009896206674751,Ireland,Spring,"Temperate, no dry season, warm summer"
S1A_IW_GRDH_1SDV_20180529T181504_29UNB_55_64,S2A_MSIL2A_20180529T115401_N9999_R023_T29UNB_55_64,55.24576131420878,-7.952744657486716,Ireland,Spring,"Temperate, no dry season, warm summer"
S1A_IW_GRDH_1SDV_20180529T181504_29UNB_62_65,S2A_MSIL2A_20180529T115401_N9999_R023_T29UNB_62_65,55.23377536098718,-7.820967295313095,Ireland,Spring,"Temperate, no dry season, warm summer"
S1A_IW_GRDH_1SDV_20180529T181504_29UNB_62_66,S2A_MSIL2A_20180529T115401_N9999_R023_T29UNB_62_66,55.222994346120416,-7.821286138901502,Ireland,Spring,"Temperate, no dry season, warm summer"
S1A_IW_GRDH_1SDV_20180529T181504_29UNB_62_68,S2A_MSIL2A_20180529T115401_N9999_R023_T29UNB_62_68,55.20143225516493,-7.821923184265239,Ireland,Spring,"Temperate, no dry season, warm summer"
S1A_IW_GRDH_1SDV_20180529T181504_29UNB_63_66,S2A_MSIL2A_20180529T115401_N9999_R023_T29UNB_63_66,55.222810688041164,-7.80242625270251,Ireland,Spring,"Temperate, no dry season, warm summer"
S1A_IW_GRDH_1SDV_20180529T181504_29UNB_64_65,S2A_MSIL2A_20180529T115401_N9999_R023_T29UNB_64_65,55.23340498254994,-7.783237543190615,Ireland,Spring,"Temperate, no dry season, warm summer"
S1A_IW_GRDH_1SDV_20180529T181504_29UNB_64_66,S2A_MSIL2A_20180529T115401_N9999_R023_T29UNB_64_66,55.22262411553974,-7.783566583926218,Ireland,Spring,"Temperate, no dry season, warm summer"
S1A_IW_GRDH_1SDV_20180529T181504_29UNB_65_66,S2A_MSIL2A_20180529T115401_N9999_R023_T29UNB_65_66,55.222434628689726,-7.764707135992135,Ireland,Spring,"Temperate, no dry season, warm summer"
S1A_IW_GRDH_1SDV_20180529T181504_29UNB_66_43,S2A_MSIL2A_20180529T115401_N9999_R023_T29UNB_66_43,55.470193460096624,-7.73798743143807,Ireland,Spring,"Temperate, no dry season, warm summer"
S1A_IW_GRDH_1SDV_20180529T181504_29UNB_66_51,S2A_MSIL2A_20180529T115401_N9999_R023_T29UNB_66_51,55.38395078616378,-7.740735332462853,Ireland,Spring,"Temperate, no dry season, warm summer"
S1A_IW_GRDH_1SDV_20180529T181504_29UNB_66_63,S2A_MSIL2A_20180529T115401_N9999_R023_T29UNB_66_63,55.25458430936823,-7.7448295172231445,Ireland,Spring,"Temperate, no dry season, warm summer"
S1A_IW_GRDH_1SDV_20180529T181504_29UNB_66_64,S2A_MSIL2A_20180529T115401_N9999_R023_T29UNB_66_64,55.24380363600044,-7.745169210283668,Ireland,Spring,"Temperate, no dry season, warm summer"
S1A_IW_GRDH_1SDV_20180529T181504_29UNB_67_46,S2A_MSIL2A_20180529T115401_N9999_R023_T29UNB_67_46,55.437655728080145,-7.720058025637404,Ireland,Spring,"Temperate, no dry season, warm summer"
S1A_IW_GRDH_1SDV_20180529T181504_29UNB_67_64,S2A_MSIL2A_20180529T115401_N9999_R023_T29UNB_67_64,55.243608164637955,-7.726300015154639,Ireland,Spring,"Temperate, no dry season, warm summer"
S1A_IW_GRDH_1SDV_20180529T181504_29UNB_67_66,S2A_MSIL2A_20180529T115401_N9999_R023_T29UNB_67_66,55.222046912243776,-7.7269889163273975,Ireland,Spring,"Temperate, no dry season, warm summer"
S1A_IW_GRDH_1SDV_20180529T181504_29UNB_68_64,S2A_MSIL2A_20180529T115401_N9999_R023_T29UNB_68_64,55.243409776827804,-7.7074310515486,Ireland,Spring,"Temperate, no dry season, warm summer"
S1B_IW_GRDH_1SDV_20170709T043159_35VNL_23_32,S2B_MSIL2A_20170709T094029_N9999_R036_T35VNL_23_32,63.67603315645106,27.569555453356312,Finland,Summer,"Cold, no dry season, cold summer"
S1B_IW_GRDH_1SDV_20170709T043159_35VNL_23_38,S2B_MSIL2A_20170709T094029_N9999_R036_T35VNL_23_38,63.61142017071094,27.568262226094568,Finland,Summer,"Cold, no dry season, cold summer"
S1B_IW_GRDH_1SDV_20170709T043159_35VNL_28_51,S2B_MSIL2A_20170709T094029_N9999_R036_T35VNL_28_51,63.47089720262262,27.685874154193137,Finland,Summer,"Cold, no dry season, cold summer"
S1B_IW_GRDH_1SDV_20170709T043159_35VNL_38_40,S2B_MSIL2A_20170709T094029_N9999_R036_T35VNL_38_40,63.58799067043233,27.930489928630443,Finland,Summer,"Cold, no dry season, cold summer"
S1B_IW_GRDH_1SDV_20170709T043159_35VNL_41_33,S2B_MSIL2A_20170709T094029_N9999_R036_T35VNL_41_33,63.66287660327879,28.005675467456474,Finland,Summer,"Cold, no dry season, cold summer"
S1B_IW_GRDH_1SDV_20170709T043159_35VNL_42_58,S2B_MSIL2A_20170709T094029_N9999_R036_T35VNL_42_58,63.39350984180864,28.02025390309234,Finland,Summer,"Cold, no dry season, cold summer"
S1B_IW_GRDH_1SDV_20170709T043159_35VNL_50_31,S2B_MSIL2A_20170709T094029_N9999_R036_T35VNL_50_31,63.68272043777957,28.224735635675003,Finland,Summer,"Cold, no dry season, cold summer"
S1B_IW_GRDH_1SDV_20170709T043159_35VNL_50_36,S2B_MSIL2A_20170709T094029_N9999_R036_T35VNL_50_36,63.62888600031196,28.22241671459188,Finland,Summer,"Cold, no dry season, cold summer"
S1B_IW_GRDH_1SDV_20170709T043159_35VNL_56_42,S2B_MSIL2A_20170709T094029_N9999_R036_T35VNL_56_42,63.562979364395744,28.364556619937737,Finland,Summer,"Cold, no dry season, cold summer"
S1B_IW_GRDH_1SDV_20170709T043159_35VNL_58_33,S2B_MSIL2A_20170709T094029_N9999_R036_T35VNL_58_33,63.65940708231004,28.417674796586773,Finland,Summer,"Cold, no dry season, cold summer"
S1B_IW_GRDH_1SDV_20170709T043159_35VNL_58_65,S2B_MSIL2A_20170709T094029_N9999_R036_T35VNL_58_65,63.314884165964514,28.40070832928628,Finland,Summer,"Cold, no dry season, cold summer"
S1B_IW_GRDH_1SDV_20170709T043159_35VNL_61_47,S2B_MSIL2A_20170709T094029_N9999_R036_T35VNL_61_47,63.50795079851128,28.48250535345935,Finland,Summer,"Cold, no dry season, cold summer"
S1B_IW_GRDH_1SDV_20170709T043159_35VNL_63_59,S2B_MSIL2A_20170709T094029_N9999_R036_T35VNL_63_59,63.37825388223213,28.52382755284637,Finland,Summer,"Cold, no dry season, cold summer"
S1B_IW_GRDH_1SDV_20170709T043159_35VNL_64_35,S2B_MSIL2A_20170709T094029_N9999_R036_T35VNL_64_35,63.636370290123196,28.561872774186497,Finland,Summer,"Cold, no dry season, cold summer"
S1B_IW_GRDH_1SDV_20170709T043159_35VNL_64_54,S2B_MSIL2A_20170709T094029_N9999_R036_T35VNL_64_54,63.43182476141693,28.550724746515655,Finland,Summer,"Cold, no dry season, cold summer"
S1B_IW_GRDH_1SDV_20170802T043751_34TFN_25_23,S2B_MSIL2A_20170802T092029_N9999_R093_T34TFN_25_23,43.08767116020411,22.604558642542095,Serbia,Summer,"Temperate, no dry season, hot summer"
S1B_IW_GRDH_1SDV_20170802T043751_34TFN_28_32,S2B_MSIL2A_20170802T092029_N9999_R093_T34TFN_28_32,42.98982848729777,22.646169249851404,Serbia,Summer,"Cold, no dry season, warm summer"
S1B_IW_GRDH_1SDV_20170802T043751_34TFN_44_24,S2B_MSIL2A_20170802T092029_N9999_R093_T34TFN_44_24,43.07260143492857,22.884212283781345,Serbia,Summer,"Cold, no dry season, warm summer"
S1A_IW_GRDH_1SDV_20170808T043524_35ULA_29_61,S2B_MSIL2A_20170808T094029_N9999_R036_T35ULA_29_61,54.35717479291768,24.46692677147548,Lithuania,Summer,"Cold, no dry season, warm summer"
S1A_IW_GRDH_1SDV_20170808T043524_35ULA_32_55,S2B_MSIL2A_20170808T094029_N9999_R036_T35ULA_32_55,54.422972325753385,24.518369902126782,Lithuania,Summer,"Cold, no dry season, warm summer"
S1A_IW_GRDH_1SDV_20170808T043524_35ULA_32_68,S2B_MSIL2A_20170808T094029_N9999_R036_T35ULA_32_68,54.28290022757815,24.526800968169827,Lithuania,Summer,"Cold, no dry season, warm summer"
S1A_IW_GRDH_1SDV_20170808T043524_35ULA_37_54,S2B_MSIL2A_20170808T094029_N9999_R036_T35ULA_37_54,54.43561137056053,24.610134853543713,Lithuania,Summer,"Cold, no dry season, warm summer"
S1A_IW_GRDH_1SDV_20170808T043524_35ULA_45_51,S2B_MSIL2A_20170808T094029_N9999_R036_T35ULA_45_51,54.4707767489605,24.756254456368215,Lithuania,Summer,"Cold, no dry season, warm summer"
S1A_IW_GRDH_1SDV_20170808T043459_35ULA_48_28,S2B_MSIL2A_20170808T094029_N9999_R036_T35ULA_48_28,54.71965460691785,24.7984273164948,Lithuania,Summer,"Cold, no dry season, warm summer"
S1A_IW_GRDH_1SDV_20170808T043524_35ULA_48_49,S2B_MSIL2A_20170808T094029_N9999_R036_T35ULA_48_49,54.49334837546255,24.810610958457616,Lithuania,Summer,"Cold, no dry season, warm summer"
S1A_IW_GRDH_1SDV_20170808T043459_35ULA_60_27,S2B_MSIL2A_20170808T094029_N9999_R036_T35ULA_60_27,54.73428491585387,25.021318629502392,Lithuania,Summer,"Cold, no dry season, warm summer"
S1A_IW_GRDH_1SDV_20170808T043524_35ULA_64_53,S2B_MSIL2A_20170808T094029_N9999_R036_T35ULA_64_53,54.45523684135552,25.108855706928136,Lithuania,Summer,"Cold, no dry season, warm summer"
S1B_IW_GRDH_1SDV_20170817T045637_34WFS_23_56,S2B_MSIL2A_20170817T101019_N9999_R022_T34WFS_23_56,64.29178154544823,23.64926789170618,Finland,Summer,"Cold, no dry season, warm summer"
S1B_IW_GRDH_1SDV_20170817T045637_34WFS_24_54,S2B_MSIL2A_20170817T101019_N9999_R022_T34WFS_24_54,64.31284426250603,23.676119689477858,Finland,Summer,"Cold, no dry season, warm summer"
S1B_IW_GRDH_1SDV_20170817T045612_34WFS_27_30,S2B_MSIL2A_20170817T101019_N9999_R022_T34WFS_27_30,64.56960165848506,23.77648976597087,Finland,Summer,"Cold, no dry season, warm summer"
S1B_IW_GRDH_1SDV_20170817T045637_34WFS_28_56,S2B_MSIL2A_20170817T101019_N9999_R022_T34WFS_28_56,64.28948686481468,23.77308711810714,Finland,Summer,"Cold, no dry season, warm summer"
S1B_IW_GRDH_1SDV_20170817T045637_34WFS_29_52,S2B_MSIL2A_20170817T101019_N9999_R022_T34WFS_29_52,64.3320373885656,23.802216810797887,Finland,Summer,"Cold, no dry season, warm summer"
S1B_IW_GRDH_1SDV_20170817T045637_34WFS_29_54,S2B_MSIL2A_20170817T101019_N9999_R022_T34WFS_29_54,64.31052643047158,23.80003059499889,Finland,Summer,"Cold, no dry season, warm summer"
S1B_IW_GRDH_1SDV_20170817T045637_34WFS_29_57,S2B_MSIL2A_20170817T101019_N9999_R022_T34WFS_29_57,64.27825979871501,23.79675839288874,Finland,Summer,"Cold, no dry season, warm summer"
S1B_IW_GRDH_1SDV_20170817T045612_34WFS_33_40,S2B_MSIL2A_20170817T101019_N9999_R022_T34WFS_33_40,64.4591582675879,23.915068803804235,Finland,Summer,"Cold, no dry season, warm summer"
S1B_IW_GRDH_1SDV_20170817T045612_34WFS_35_28,S2B_MSIL2A_20170817T101019_N9999_R022_T34WFS_35_28,64.58720440461262,23.978932451581493,Finland,Summer,"Cold, no dry season, warm summer"
S1B_IW_GRDH_1SDV_20170817T045612_34WFS_36_26,S2B_MSIL2A_20170817T101019_N9999_R022_T34WFS_36_26,64.60820309286035,24.006333601971427,Finland,Summer,"Cold, no dry season, warm summer"
S1B_IW_GRDH_1SDV_20170817T045612_34WFS_39_42,S2B_MSIL2A_20170817T101019_N9999_R022_T34WFS_39_42,64.43461218930842,24.062116196381766,Finland,Summer,"Cold, no dry season, warm summer"
S1B_IW_GRDH_1SDV_20170817T045612_34WFS_44_32,S2B_MSIL2A_20170817T101019_N9999_R022_T34WFS_44_32,64.53947891186021,24.199082993098642,Finland,Summer,"Cold, no dry season, warm summer"
S1B_IW_GRDH_1SDV_20170817T045612_34WFS_45_24,S2B_MSIL2A_20170817T101019_N9999_R022_T34WFS_45_24,64.62494114151762,24.234258925975485,Finland,Summer,"Cold, no dry season, warm summer"
S1B_IW_GRDH_1SDV_20170817T045637_34WFS_47_57,S2B_MSIL2A_20170817T101019_N9999_R022_T34WFS_47_57,64.26906175514972,24.24211455034824,Finland,Summer,"Cold, no dry season, cold summer"
S1B_IW_GRDH_1SDV_20170817T045612_34WFS_50_30,S2B_MSIL2A_20170817T101019_N9999_R022_T34WFS_50_30,64.55764667602514,24.3515730732635,Finland,Summer,"Cold, no dry season, warm summer"
S1B_IW_GRDH_1SDV_20170817T045637_34WFS_51_56,S2B_MSIL2A_20170817T101019_N9999_R022_T34WFS_51_56,64.27758394124805,24.34233706180393,Finland,Summer,"Cold, no dry season, cold summer"
S1B_IW_GRDH_1SDV_20170817T045612_34WFS_56_45,S2B_MSIL2A_20170817T101019_N9999_R022_T34WFS_56_45,64.39293766508167,24.48092689849441,Finland,Summer,"Cold, no dry season, cold summer"
S1B_IW_GRDH_1SDV_20170817T045637_34WFS_64_59,S2B_MSIL2A_20170817T101019_N9999_R022_T34WFS_64_59,64.23763871764879,24.659556332699694,Finland,Summer,"Cold, no dry season, cold summer"
S1B_IW_GRDH_1SDV_20170817T045612_34WFS_66_38,S2B_MSIL2A_20170817T101019_N9999_R022_T34WFS_66_38,64.46204916459503,24.739490021818153,Finland,Summer,"Cold, no dry season, cold summer"
S1A_IW_GRDH_1SDV_20170826T163327_34TEQ_23_63,S2B_MSIL2A_20170825T093029_N9999_R136_T34TEQ_23_63,44.467318150468365,21.35427754613878,Serbia,Summer,"Temperate, no dry season, hot summer"
S1A_IW_GRDH_1SDV_20170826T163327_34TEQ_30_49,S2B_MSIL2A_20170825T093029_N9999_R136_T34TEQ_30_49,44.618181427378516,21.461071102385418,Serbia,Summer,"Temperate, no dry season, hot summer"
S1A_IW_GRDH_1SDV_20170826T163327_34TEQ_35_50,S2B_MSIL2A_20170825T093029_N9999_R136_T34TEQ_35_50,44.607048516703856,21.53659529827346,Serbia,Summer,"Temperate, no dry season, hot summer"
S1A_IW_GRDH_1SDV_20170826T163327_34TEQ_35_55,S2B_MSIL2A_20170825T093029_N9999_R136_T34TEQ_35_55,44.5530353362059,21.536098721157373,Serbia,Summer,"Temperate, no dry season, hot summer"
S1A_IW_GRDH_1SDV_20170826T163327_34TEQ_38_62,S2B_MSIL2A_20170825T093029_N9999_R136_T34TEQ_38_62,44.47719485828883,21.58067044476832,Serbia,Summer,"Temperate, no dry season, warm summer"
S1B_IW_GRDH_1SDV_20170827T162434_34TEQ_48_65,S2B_MSIL2A_20170825T093029_N9999_R136_T34TEQ_48_65,44.443920759595336,21.73114370975557,Serbia,Summer,"Temperate, no dry season, hot summer"
S1B_IW_GRDH_1SDV_20170827T162434_34TEQ_56_51,S2B_MSIL2A_20170825T093029_N9999_R136_T34TEQ_56_51,44.59431322485517,21.853980082941924,Serbia,Summer,"Cold, no dry season, warm summer"
S1B_IW_GRDH_1SDV_20170827T162434_34TEQ_61_57,S2B_MSIL2A_20170825T093029_N9999_R136_T34TEQ_61_57,44.52891266038603,21.928534839818482,Serbia,Summer,"Cold, no dry season, warm summer"
S1A_IW_GRDH_1SDV_20170829T055029_31UER_67_38,S2B_MSIL2A_20170829T105019_N9999_R051_T31UER_67_38,50.13126407541634,4.13304805096878,Belgium,Summer,"Temperate, no dry season, warm summer"
S1A_IW_GRDH_1SDV_20170830T160543_34VDR_62_64,S2B_MSIL2A_20170830T102019_N9999_R065_T34VDR_62_64,63.331657173425306,20.49996678101767,Finland,Summer,"Cold, no dry season, cold summer"
S1A_IW_GRDH_1SDV_20170830T160543_34VDR_68_67,S2B_MSIL2A_20170830T102019_N9999_R065_T34VDR_68_67,63.29977971838723,20.644141242226233,Finland,Summer,"Cold, no dry season, cold summer"
S1A_IW_GRDH_1SDV_20170831T164243_33UXP_29_59,S2B_MSIL2A_20170831T095029_N9999_R079_T33UXP_29_59,48.09627145051056,16.818541304539128,Austria,Winter,"Temperate, no dry season, warm summer"
S1A_IW_GRDH_1SDV_20170831T164243_33UXP_30_54,S2B_MSIL2A_20170831T095029_N9999_R079_T33UXP_30_54,48.1499695477184,16.836572784225787,Austria,Winter,"Temperate, no dry season, warm summer"
S1A_IW_GRDH_1SDV_20170831T164243_33UXP_33_49,S2B_MSIL2A_20170831T095029_N9999_R079_T33UXP_33_49,48.203138333127505,16.886926924975462,Austria,Winter,"Temperate, no dry season, warm summer"
S1A_IW_GRDH_1SDV_20170831T164243_33UXP_34_51,S2B_MSIL2A_20170831T095029_N9999_R079_T33UXP_34_51,48.18129157486348,16.90226910044094,Austria,Winter,"Temperate, no dry season, warm summer"
S1A_IW_GRDH_1SDV_20170831T164243_33UXP_45_63,S2B_MSIL2A_20170831T095029_N9999_R079_T33UXP_45_63,48.04874502628659,17.07451356401583,Austria,Winter,"Temperate, no dry season, warm summer"
S1A_IW_GRDH_1SDV_20170904T161304_34VDN_24_63,S2B_MSIL2A_20170906T101019_N9999_R022_T34VDN_24_63,60.644093578286295,19.708297403611333,Finland,Fall,"Cold, no dry season, warm summer"
S1A_IW_GRDH_1SDV_20170904T161304_34VDN_27_62,S2B_MSIL2A_20170906T101019_N9999_R022_T34VDN_27_62,60.65548405373135,19.77369848879037,Finland,Fall,"Cold, no dry season, warm summer"
S1A_IW_GRDH_1SDV_20170904T161304_34VDN_30_62,S2B_MSIL2A_20170906T101019_N9999_R022_T34VDN_30_62,60.65607085217572,19.839533702893757,Finland,Fall,"Cold, no dry season, warm summer"
S1A_IW_GRDH_1SDV_20170904T161304_34VDN_33_62,S2B_MSIL2A_20170906T101019_N9999_R022_T34VDN_33_62,60.65662528549611,19.905371614441044,Finland,Fall,"Cold, no dry season, warm summer"
S1A_IW_GRDH_1SDV_20170904T161304_34VDN_33_67,S2B_MSIL2A_20170906T101019_N9999_R022_T34VDN_33_67,60.602764671414505,19.907195751970796,Finland,Fall,"Cold, no dry season, warm summer"
S1A_IW_GRDH_1SDV_20170904T161304_34VDN_43_65,S2B_MSIL2A_20170906T101019_N9999_R022_T34VDN_43_65,60.625921185798575,20.125724625686978,Finland,Fall,"Cold, no dry season, warm summer"
S1A_IW_GRDH_1SDV_20170904T161304_34VDN_48_67,S2B_MSIL2A_20170906T101019_N9999_R022_T34VDN_48_67,60.60504627816611,20.235871943584744,Finland,Fall,"Cold, no dry season, warm summer"
S1A_IW_GRDH_1SDV_20170904T161304_34VDN_53_64,S2B_MSIL2A_20170906T101019_N9999_R022_T34VDN_53_64,60.63794752605705,20.344786288136913,Finland,Fall,"Cold, no dry season, warm summer"
S1A_IW_GRDH_1SDV_20170904T161304_34VDN_59_59,S2B_MSIL2A_20170906T101019_N9999_R022_T34VDN_59_59,60.69239497895752,20.47553146968854,Finland,Fall,"Cold, no dry season, warm summer"
S1A_IW_GRDH_1SDV_20170904T161304_34VDN_59_67,S2B_MSIL2A_20170906T101019_N9999_R022_T34VDN_59_67,60.60620614414478,20.476930349573845,Finland,Fall,"Cold, no dry season, warm summer"
S1A_IW_GRDH_1SDV_20170904T161304_34VDN_63_53,S2B_MSIL2A_20170906T101019_N9999_R022_T34VDN_63_53,60.75735185610411,20.562549836394503,Finland,Fall,"Cold, no dry season, warm summer"
S1A_IW_GRDH_1SDV_20170904T161304_34VDN_66_59,S2B_MSIL2A_20170906T101019_N9999_R022_T34VDN_66_59,60.692908688020054,20.62935147643388,Finland,Fall,"Cold, no dry season, warm summer"
S1A_IW_GRDH_1SDV_20170904T161304_34VDN_67_65,S2B_MSIL2A_20170906T101019_N9999_R022_T34VDN_67_65,60.628324639935585,20.652024249167702,Finland,Fall,"Cold, no dry season, warm summer"
S1A_IW_GRDH_1SDV_20170904T161304_34VDN_68_53,S2B_MSIL2A_20170906T101019_N9999_R022_T34VDN_68_53,60.757665569594245,20.67264388866558,Finland,Fall,"Cold, no dry season, warm summer"
S1A_IW_GRDH_1SDV_20170906T155749_34WFS_25_55,S2B_MSIL2A_20170906T101019_N9999_R022_T34WFS_25_55,64.30163266880491,23.699850569175947,Finland,Fall,"Cold, no dry season, warm summer"
S1A_IW_GRDH_1SDV_20170906T155749_34WFS_25_68,S2B_MSIL2A_20170906T101019_N9999_R022_T34WFS_25_68,64.16179705545485,23.68624249146723,Finland,Fall,"Cold, no dry season, warm summer"
S1A_IW_GRDH_1SDV_20170906T155749_34WFS_26_48,S2B_MSIL2A_20170906T101019_N9999_R022_T34WFS_26_48,64.37646630364533,23.732083012592636,Finland,Fall,"Cold, no dry season, warm summer"
S1A_IW_GRDH_1SDV_20170906T155749_34WFS_29_45,S2B_MSIL2A_20170906T101019_N9999_R022_T34WFS_29_45,64.40732492352431,23.809898626764557,Finland,Fall,"Cold, no dry season, warm summer"
S1A_IW_GRDH_1SDV_20170906T155749_34WFS_31_54,S2B_MSIL2A_20170906T101019_N9999_R022_T34WFS_31_54,64.30956996551829,23.849588366061074,Finland,Fall,"Cold, no dry season, warm summer"
S1A_IW_GRDH_1SDV_20170906T155749_34WFS_33_39,S2B_MSIL2A_20170906T101019_N9999_R022_T34WFS_33_39,64.46991246154238,23.91621387790033,Finland,Fall,"Cold, no dry season, warm summer"
S1A_IW_GRDH_1SDV_20170906T155749_34WFS_33_44,S2B_MSIL2A_20170906T101019_N9999_R022_T34WFS_33_44,64.41614122392212,23.91049850180219,Finland,Fall,"Cold, no dry season, warm summer"
S1A_IW_GRDH_1SDV_20170906T155749_34WFS_35_23,S2B_MSIL2A_20170906T101019_N9999_R022_T34WFS_35_23,64.64097107211485,23.98482724592288,Finland,Fall,"Cold, no dry season, warm summer"
S1A_IW_GRDH_1SDV_20170906T155749_34WFS_35_44,S2B_MSIL2A_20170906T101019_N9999_R022_T34WFS_35_44,64.41514649083274,23.960241881270154,Finland,Fall,"Cold, no dry season, warm summer"
S1A_IW_GRDH_1SDV_20170906T155749_34WFS_38_34,S2B_MSIL2A_20170906T101019_N9999_R022_T34WFS_38_34,64.5211525026335,24.046792779361052,Finland,Fall,"Cold, no dry season, warm summer"
S1A_IW_GRDH_1SDV_20170906T155749_34WFS_39_27,S2B_MSIL2A_20170906T101019_N9999_R022_T34WFS_39_27,64.59590107785719,24.0802489720233,Finland,Fall,"Cold, no dry season, warm summer"
S1A_IW_GRDH_1SDV_20170906T155749_34WFS_46_38,S2B_MSIL2A_20170906T101019_N9999_R022_T34WFS_46_38,64.47388052080808,24.24137670167197,Finland,Fall,"Cold, no dry season, warm summer"
S1A_IW_GRDH_1SDV_20170906T155749_34WFS_49_61,S2B_MSIL2A_20170906T101019_N9999_R022_T34WFS_49_61,64.22495327928523,24.286461398281407,Finland,Fall,"Cold, no dry season, cold summer"
S1A_IW_GRDH_1SDV_20170906T155749_34WFS_50_60,S2B_MSIL2A_20170906T101019_N9999_R022_T34WFS_50_60,64.2351457727441,24.312439886508646,Finland,Fall,"Cold, no dry season, cold summer"
S1A_IW_GRDH_1SDV_20170906T155749_34WFS_51_40,S2B_MSIL2A_20170906T101019_N9999_R022_T34WFS_51_40,64.4495815376028,24.363307497007387,Finland,Fall,"Cold, no dry season, cold summer"
S1A_IW_GRDH_1SDV_20170906T155749_34WFS_51_65,S2B_MSIL2A_20170906T101019_N9999_R022_T34WFS_51_65,64.18083189419076,24.33066871076911,Finland,Fall,"Cold, no dry season, cold summer"
S1A_IW_GRDH_1SDV_20170906T155749_34WFS_53_68,S2B_MSIL2A_20170906T101019_N9999_R022_T34WFS_53_68,64.1474476072469,24.376043691176452,Finland,Fall,"Cold, no dry season, cold summer"
S1A_IW_GRDH_1SDV_20170906T155749_34WFS_54_45,S2B_MSIL2A_20170906T101019_N9999_R022_T34WFS_54_45,64.39410844728212,24.43124876544169,Finland,Fall,"Cold, no dry season, cold summer"
S1A_IW_GRDH_1SDV_20170906T155749_34WFS_55_40,S2B_MSIL2A_20170906T101019_N9999_R022_T34WFS_55_40,64.4472680281765,24.462867098394753,Finland,Fall,"Cold, no dry season, cold summer"
S1A_IW_GRDH_1SDV_20170906T155749_34WFS_57_28,S2B_MSIL2A_20170906T101019_N9999_R022_T34WFS_57_28,64.57505887535862,24.52926444249162,Finland,Fall,"Cold, no dry season, cold summer"
S1A_IW_GRDH_1SDV_20170906T155749_34WFS_58_50,S2B_MSIL2A_20170906T101019_N9999_R022_T34WFS_58_50,64.33801068103709,24.52370630539962,Finland,Fall,"Cold, no dry season, cold summer"
S1A_IW_GRDH_1SDV_20170906T155749_34WFS_62_47,S2B_MSIL2A_20170906T101019_N9999_R022_T34WFS_62_47,64.36783121214258,24.62709405597273,Finland,Fall,"Cold, no dry season, cold summer"
S1A_IW_GRDH_1SDV_20170906T155749_34WFS_64_53,S2B_MSIL2A_20170906T101019_N9999_R022_T34WFS_64_53,64.30211717977194,24.66811288898526,Finland,Fall,"Cold, no dry season, cold summer"
S1A_IW_GRDH_1SDV_20170906T155749_34WFS_68_63,S2B_MSIL2A_20170906T101019_N9999_R022_T34WFS_68_63,64.19214781069638,24.752488939802646,Finland,Fall,"Cold, no dry season, cold summer"
S1A_IW_GRDH_1SDV_20170913T043820_34TFN_24_39,S2B_MSIL2A_20170911T092019_N9999_R093_T34TFN_24_39,42.91504570924943,22.58536986473854,Serbia,Fall,"Cold, no dry season, warm summer"
S1A_IW_GRDH_1SDV_20170913T043820_34TFN_25_31,S2B_MSIL2A_20170911T092019_N9999_R093_T34TFN_25_31,43.001256878809286,22.602307521080114,Serbia,Fall,"Cold, no dry season, warm summer"
S1A_IW_GRDH_1SDV_20170913T043820_34TFN_31_23,S2B_MSIL2A_20170911T092019_N9999_R093_T34TFN_31_23,43.086396831107216,22.692981411810496,Serbia,Fall,"Cold, no dry season, warm summer"
S1A_IW_GRDH_1SDV_20170914T162451_34TEP_23_41,S2B_MSIL2A_20170914T093029_N9999_R136_T34TEP_23_41,43.804508145507874,21.350336677368375,Serbia,Fall,"Temperate, no dry season, hot summer"
S1A_IW_GRDH_1SDV_20170914T162451_34TEP_24_52,S2B_MSIL2A_20170914T093029_N9999_R136_T34TEP_24_52,43.68561220368971,21.36453298584611,Serbia,Fall,"Temperate, no dry season, hot summer"
S1A_IW_GRDH_1SDV_20170914T162451_34TEP_26_29,S2B_MSIL2A_20170914T093029_N9999_R136_T34TEP_26_29,43.93401261965705,21.395948614605658,Serbia,Fall,"Temperate, no dry season, hot summer"
S1A_IW_GRDH_1SDV_20170914T162451_34TEP_28_56,S2B_MSIL2A_20170914T093029_N9999_R136_T34TEP_28_56,43.642188552456396,21.423783464269015,Serbia,Fall,"Temperate, no dry season, hot summer"
S1A_IW_GRDH_1SDV_20170914T162451_34TEP_33_58,S2B_MSIL2A_20170914T093029_N9999_R136_T34TEP_33_58,43.620279570053704,21.497993922953537,Serbia,Fall,"Temperate, no dry season, hot summer"
S1A_IW_GRDH_1SDV_20170914T162451_34TEP_38_39,S2B_MSIL2A_20170914T093029_N9999_R136_T34TEP_38_39,43.82521118284762,21.5743126623514,Serbia,Fall,"Cold, no dry season, warm summer"
S1A_IW_GRDH_1SDV_20170914T162451_34TEP_38_49,S2B_MSIL2A_20170914T093029_N9999_R136_T34TEP_38_49,43.71717014995516,21.57327970878517,Serbia,Fall,"Temperate, no dry season, hot summer"
S1A_IW_GRDH_1SDV_20170914T162451_34TEP_42_50,S2B_MSIL2A_20170914T093029_N9999_R136_T34TEP_42_50,43.7060516727499,21.63274993503432,Serbia,Fall,"Cold, no dry season, warm summer"
S1A_IW_GRDH_1SDV_20170914T162451_34TEP_45_46,S2B_MSIL2A_20170914T093029_N9999_R136_T34TEP_45_46,43.74901149227507,21.67791641365182,Serbia,Fall,"Temperate, no dry season, hot summer"
S1A_IW_GRDH_1SDV_20170914T162451_34TEP_48_32,S2B_MSIL2A_20170914T093029_N9999_R136_T34TEP_48_32,43.89998909997486,21.72445408031469,Serbia,Fall,"Cold, no dry season, warm summer"
S1A_IW_GRDH_1SDV_20170914T162451_34TEP_48_35,S2B_MSIL2A_20170914T093029_N9999_R136_T34TEP_48_35,43.86757839711697,21.72406140048862,Serbia,Fall,"Cold, no dry season, warm summer"
S1A_IW_GRDH_1SDV_20170914T162451_34TEP_52_40,S2B_MSIL2A_20170914T093029_N9999_R136_T34TEP_52_40,43.813166799717855,21.783086154369695,Serbia,Fall,"Temperate, no dry season, hot summer"
S1A_IW_GRDH_1SDV_20170914T162451_34TEP_53_32,S2B_MSIL2A_20170914T093029_N9999_R136_T34TEP_53_32,43.899491061325534,21.799158894666828,Serbia,Fall,"Cold, no dry season, warm summer"
S1A_IW_GRDH_1SDV_20170914T162451_34TEP_56_37,S2B_MSIL2A_20170914T093029_N9999_R136_T34TEP_56_37,43.84515239345402,21.843218836198,Serbia,Fall,"Cold, no dry season, warm summer"
S1A_IW_GRDH_1SDV_20170914T162451_34TEP_57_68,S2B_MSIL2A_20170914T093029_N9999_R136_T34TEP_57_68,43.51012916799368,21.85338575044539,Serbia,Fall,"Temperate, no dry season, hot summer"
S1A_IW_GRDH_1SDV_20170914T162451_34TEP_59_26,S2B_MSIL2A_20170914T093029_N9999_R136_T34TEP_59_26,43.96364719125277,21.88976789001692,Serbia,Fall,"Cold, no dry season, warm summer"
S1A_IW_GRDH_1SDV_20170914T162451_34TEP_62_60,S2B_MSIL2A_20170914T093029_N9999_R136_T34TEP_62_60,43.59598021363256,21.928932213122067,Serbia,Fall,"Cold, no dry season, warm summer"
S1A_IW_GRDH_1SDV_20170914T162451_34TEP_65_24,S2B_MSIL2A_20170914T093029_N9999_R136_T34TEP_65_24,43.98451849100431,21.979860360359616,Serbia,Fall,"Temperate, no dry season, hot summer"
S1A_IW_GRDH_1SDV_20170914T162451_34TEP_65_62,S2B_MSIL2A_20170914T093029_N9999_R136_T34TEP_65_62,43.574002261024305,21.973178491601455,Serbia,Fall,"Cold, no dry season, warm summer"
S1A_IW_GRDH_1SDV_20170914T162451_34TEP_68_56,S2B_MSIL2A_20170914T093029_N9999_R136_T34TEP_68_56,43.63843358298696,22.01884965966373,Serbia,Fall,"Cold, no dry season, warm summer"
S1A_IW_GRDH_1SDV_20170914T162516_34TEQ_24_56,S2B_MSIL2A_20170914T093029_N9999_R136_T34TEQ_24_56,44.54289155295958,21.369841409375812,Serbia,Fall,"Temperate, no dry season, hot summer"
S1A_IW_GRDH_1SDV_20170914T162516_34TEQ_28_24,S2B_MSIL2A_20170914T093029_N9999_R136_T34TEQ_28_24,44.88836138569511,21.43283244201575,Serbia,Fall,"Temperate, no dry season, hot summer"
S1A_IW_GRDH_1SDV_20170914T162516_34TEQ_36_38,S2B_MSIL2A_20170914T093029_N9999_R136_T34TEQ_36_38,44.736605665769524,21.552948305327458,Serbia,Fall,"Temperate, no dry season, hot summer"
S1A_IW_GRDH_1SDV_20170914T162516_34TEQ_45_47,S2B_MSIL2A_20170914T093029_N9999_R136_T34TEQ_45_47,44.63864468824904,21.688192988984397,Serbia,Fall,"Cold, no dry season, warm summer"
S1A_IW_GRDH_1SDV_20170914T162516_34TEQ_45_61,S2B_MSIL2A_20170914T093029_N9999_R136_T34TEQ_45_61,44.48741159285903,21.686412310380238,Serbia,Fall,"Temperate, no dry season, hot summer"
S1A_IW_GRDH_1SDV_20170914T162516_34TEQ_53_48,S2B_MSIL2A_20170914T093029_N9999_R136_T34TEQ_53_48,44.62704927145032,21.80907705524123,Serbia,Fall,"Cold, no dry season, warm summer"
S1A_IW_GRDH_1SDV_20170914T162516_34TEQ_56_64,S2B_MSIL2A_20170914T093029_N9999_R136_T34TEQ_56_64,44.453886999411345,21.851930882930095,Serbia,Fall,"Temperate, no dry season, hot summer"
S1A_IW_GRDH_1SDV_20170914T162516_34TEQ_59_64,S2B_MSIL2A_20170914T093029_N9999_R136_T34TEQ_59_64,44.45354055728104,21.89717411937242,Serbia,Fall,"Cold, no dry season, warm summer"
S1A_IW_GRDH_1SDV_20170914T162516_34TEQ_62_61,S2B_MSIL2A_20170914T093029_N9999_R136_T34TEQ_62_61,44.48558176372147,21.942938156219178,Serbia,Fall,"Cold, no dry season, warm summer"
S1A_IW_GRDH_1SDV_20170914T162516_34TEQ_64_68,S2B_MSIL2A_20170914T093029_N9999_R136_T34TEQ_64_68,44.40971599622613,21.97186128041336,Serbia,Fall,"Cold, no dry season, warm summer"
S1A_IW_GRDH_1SDV_20170914T162516_34TEQ_65_65,S2B_MSIL2A_20170914T093029_N9999_R136_T34TEQ_65_65,44.44199216362546,21.987476027648267,Serbia,Fall,"Cold, no dry season, warm summer"
S1B_IW_GRDH_1SDV_20170924T155448_35UMB_24_28,S2B_MSIL2A_20170924T093019_N9999_R136_T35UMB_24_28,55.6333082868759,25.87793909932548,Lithuania,Fall,"Cold, no dry season, warm summer"
S1B_IW_GRDH_1SDV_20170924T155448_35UMB_32_26,S2B_MSIL2A_20170924T093019_N9999_R136_T35UMB_32_26,55.65616993593038,26.02986828239492,Lithuania,Fall,"Cold, no dry season, warm summer"
S1B_IW_GRDH_1SDV_20170924T155448_35UMB_35_45,S2B_MSIL2A_20170924T093019_N9999_R136_T35UMB_35_45,55.45176300482069,26.09181254856529,Lithuania,Fall,"Cold, no dry season, warm summer"
S1B_IW_GRDH_1SDV_20170924T155448_35UMB_38_53,S2B_MSIL2A_20170924T093019_N9999_R136_T35UMB_38_53,55.36591777029408,26.150577506698856,Lithuania,Fall,"Cold, no dry season, warm summer"
S1B_IW_GRDH_1SDV_20170924T155448_35UMB_46_42,S2B_MSIL2A_20170924T093019_N9999_R136_T35UMB_46_42,55.48547980068945,26.299925620743895,Lithuania,Fall,"Cold, no dry season, warm summer"
S1B_IW_GRDH_1SDV_20170924T155419_35UMB_46_58,S2B_MSIL2A_20170924T093019_N9999_R136_T35UMB_46_58,55.31296470567176,26.30296800027292,Lithuania,Fall,"Cold, no dry season, warm summer"
S1B_IW_GRDH_1SDV_20170924T155448_35UMB_52_40,S2B_MSIL2A_20170924T093019_N9999_R136_T35UMB_52_40,55.50764266865184,26.413534095572604,Lithuania,Fall,"Cold, no dry season, warm summer"
S1B_IW_GRDH_1SDV_20170924T155448_35UMB_54_40,S2B_MSIL2A_20170924T093019_N9999_R136_T35UMB_54_40,55.50781870668646,26.45153202867731,Lithuania,Fall,"Cold, no dry season, warm summer"
S1B_IW_GRDH_1SDV_20170924T044105_35VNH_27_28,S2B_MSIL2A_20170924T093019_N9999_R136_T35VNH_27_28,61.0260268156664,27.61027699076516,Finland,Fall,"Cold, no dry season, warm summer"
S1B_IW_GRDH_1SDV_20170924T044105_35VNH_28_38,S2B_MSIL2A_20170924T093019_N9999_R136_T35VNH_28_38,60.9181958155352,27.630344778911326,Finland,Fall,"Cold, no dry season, warm summer"
S1A_IW_GRDH_1SDV_20170925T043321_35VNH_34_43,S2B_MSIL2A_20170924T093019_N9999_R136_T35VNH_34_43,60.863645327088626,27.761828590480285,Finland,Fall,"Cold, no dry season, warm summer"
S1A_IW_GRDH_1SDV_20170925T043321_35VNH_40_41,S2B_MSIL2A_20170924T093019_N9999_R136_T35VNH_40_41,60.884374057573446,27.894969836936593,Finland,Fall,"Cold, no dry season, warm summer"
S1A_IW_GRDH_1SDV_20170925T043321_35VNH_42_63,S2B_MSIL2A_20170924T093019_N9999_R136_T35VNH_42_63,60.647079323467956,27.932272128290776,Finland,Fall,"Cold, no dry season, warm summer"
S1A_IW_GRDH_1SDV_20170925T043321_35VNH_52_48,S2B_MSIL2A_20170924T093019_N9999_R136_T35VNH_52_48,60.80694775543972,28.15746892059356,Finland,Fall,"Cold, no dry season, warm summer"
S1A_IW_GRDH_1SDV_20170925T043321_35VNH_55_36,S2B_MSIL2A_20170924T093019_N9999_R136_T35VNH_55_36,60.93561624420036,28.228570148345206,Finland,Fall,"Cold, no dry season, warm summer"
S1A_IW_GRDH_1SDV_20170925T043321_35VNH_57_38,S2B_MSIL2A_20170924T093019_N9999_R136_T35VNH_57_38,60.91366325010903,28.271984465584776,Finland,Fall,"Cold, no dry season, warm summer"
S1A_IW_GRDH_1SDV_20170925T043321_35VNH_63_38,S2B_MSIL2A_20170924T093019_N9999_R136_T35VNH_63_38,60.912343861262954,28.404707056981955,Finland,Fall,"Cold, no dry season, warm summer"
S1A_IW_GRDH_1SDV_20170925T043256_35VPK_23_67,S2B_MSIL2A_20170924T093019_N9999_R136_T35VPK_23_67,62.38043418183737,29.479027926515705,Finland,Fall,"Cold, no dry season, warm summer"
S1A_IW_GRDH_1SDV_20170925T043256_35VPK_26_52,S2B_MSIL2A_20170924T093019_N9999_R136_T35VPK_26_52,62.54058534266432,29.562355705740572,Finland,Fall,"Cold, no dry season, warm summer"
S1A_IW_GRDH_1SDV_20170925T043256_35VPK_28_53,S2B_MSIL2A_20170924T093019_N9999_R136_T35VPK_28_53,62.52896310981575,29.60801586900775,Finland,Fall,"Cold, no dry season, warm summer"
S1A_IW_GRDH_1SDV_20170925T043256_35VPK_30_33,S2B_MSIL2A_20170924T093019_N9999_R136_T35VPK_30_33,62.74327081348703,29.673917571938283,Finland,Fall,"Cold, no dry season, warm summer"
S1A_IW_GRDH_1SDV_20170925T043256_35VPK_30_48,S2B_MSIL2A_20170924T093019_N9999_R136_T35VPK_30_48,62.58188288233308,29.65939808453601,Finland,Fall,"Cold, no dry season, warm summer"
S1A_IW_GRDH_1SDV_20170925T043256_35VPK_31_51,S2B_MSIL2A_20170924T093019_N9999_R136_T35VPK_31_51,62.54915966495678,29.679822199520217,Finland,Fall,"Cold, no dry season, warm summer"
S1A_IW_GRDH_1SDV_20170925T043256_35VPK_34_46,S2B_MSIL2A_20170924T093019_N9999_R136_T35VPK_34_46,62.60159436583201,29.75471352783654,Finland,Fall,"Cold, no dry season, cold summer"
S1A_IW_GRDH_1SDV_20170925T043256_35VPK_35_60,S2B_MSIL2A_20170924T093019_N9999_R136_T35VPK_35_60,62.45051416860284,29.76405921232863,Finland,Fall,"Cold, no dry season, warm summer"
S1A_IW_GRDH_1SDV_20170925T043256_35VPK_40_24,S2B_MSIL2A_20170924T093019_N9999_R136_T35VPK_40_24,62.83541905206039,29.91803601251838,Finland,Fall,"Cold, no dry season, cold summer"
S1A_IW_GRDH_1SDV_20170925T043256_35VPK_40_38,S2B_MSIL2A_20170924T093019_N9999_R136_T35VPK_40_38,62.684823670179135,29.90318392907966,Finland,Fall,"Cold, no dry season, cold summer"
S1A_IW_GRDH_1SDV_20170925T043256_35VPK_42_56,S2B_MSIL2A_20170924T093019_N9999_R136_T35VPK_42_56,62.490224170950576,29.930850188376223,Finland,Fall,"Cold, no dry season, cold summer"
S1A_IW_GRDH_1SDV_20170925T043256_35VPK_53_56,S2B_MSIL2A_20170924T093019_N9999_R136_T35VPK_53_56,62.484616967630394,30.18660401038734,Finland,Fall,"Cold, no dry season, cold summer"
S1A_IW_GRDH_1SDV_20170925T043256_35VPK_59_28,S2B_MSIL2A_20170924T093019_N9999_R136_T35VPK_59_28,62.78243338187215,30.359984768940226,Finland,Fall,"Cold, no dry season, cold summer"
S1A_IW_GRDH_1SDV_20170925T043256_35VPK_62_54,S2B_MSIL2A_20170924T093019_N9999_R136_T35VPK_62_54,62.501185594497194,30.398220658638653,Finland,Fall,"Cold, no dry season, cold summer"
S1A_IW_GRDH_1SDV_20170928T161150_35ULB_23_58,S2B_MSIL2A_20170927T094019_N9999_R036_T35ULB_23_58,55.284985894940014,24.29474609710528,Lithuania,Fall,"Cold, no dry season, warm summer"
S1A_IW_GRDH_1SDV_20170928T161150_35ULB_26_47,S2B_MSIL2A_20170927T094019_N9999_R036_T35ULB_26_47,55.404714649616466,24.34344121949875,Lithuania,Fall,"Cold, no dry season, warm summer"
S1A_IW_GRDH_1SDV_20170928T161150_35ULB_32_24,S2B_MSIL2A_20170927T094019_N9999_R036_T35ULB_32_24,55.654888004284025,24.440985450489645,Lithuania,Fall,"Cold, no dry season, warm summer"
S1A_IW_GRDH_1SDV_20170928T161150_35ULB_33_65,S2B_MSIL2A_20170927T094019_N9999_R036_T35ULB_33_65,55.21361356995418,24.488255912745977,Lithuania,Fall,"Cold, no dry season, warm summer"
S1A_IW_GRDH_1SDV_20170928T161150_35ULB_35_55,S2B_MSIL2A_20170927T094019_N9999_R036_T35ULB_35_55,55.322115406660615,24.519230791284283,Lithuania,Fall,"Cold, no dry season, warm summer"
S1A_IW_GRDH_1SDV_20170928T161150_35ULB_38_32,S2B_MSIL2A_20170927T094019_N9999_R036_T35ULB_38_32,55.57103720989222,24.560665454039864,Lithuania,Fall,"Cold, no dry season, warm summer"
S1A_IW_GRDH_1SDV_20170928T161150_35ULB_46_42,S2B_MSIL2A_20170927T094019_N9999_R036_T35ULB_46_42,55.466229106369205,24.719029137121726,Lithuania,Fall,"Cold, no dry season, warm summer"
S1A_IW_GRDH_1SDV_20170928T161150_35ULB_50_43,S2B_MSIL2A_20170927T094019_N9999_R036_T35ULB_50_43,55.45684486634503,24.795493450844102,Lithuania,Fall,"Cold, no dry season, warm summer"
S1A_IW_GRDH_1SDV_20170928T161150_35ULB_55_40,S2B_MSIL2A_20170927T094019_N9999_R036_T35ULB_55_40,55.490843058336914,24.88857732424049,Lithuania,Fall,"Cold, no dry season, warm summer"
S1A_IW_GRDH_1SDV_20170928T161150_35ULB_58_55,S2B_MSIL2A_20170927T094019_N9999_R036_T35ULB_58_55,55.33017092739644,24.953889236189088,Lithuania,Fall,"Cold, no dry season, warm summer"
S1A_IW_GRDH_1SDV_20170928T161150_35VLC_32_59,S2B_MSIL2A_20170927T094019_N9999_R036_T35VLC_32_59,56.17513595350323,24.406464565731003,Lithuania,Fall,"Cold, no dry season, warm summer"
S1A_IW_GRDH_1SDV_20170928T161150_35VLC_36_62,S2B_MSIL2A_20170927T094019_N9999_R036_T35VLC_36_62,56.1444192572677,24.485814834147472,Lithuania,Fall,"Cold, no dry season, warm summer"
S1A_IW_GRDH_1SDV_20170928T161150_35VLC_47_64,S2B_MSIL2A_20170927T094019_N9999_R036_T35VLC_47_64,56.1270115243759,24.69936675394784,Lithuania,Fall,"Cold, no dry season, warm summer"
S1A_IW_GRDH_1SDV_20170928T161150_35VLC_49_58,S2B_MSIL2A_20170927T094019_N9999_R036_T35VLC_49_58,56.19236359137647,24.734140990736698,Lithuania,Fall,"Cold, no dry season, warm summer"
S1A_IW_GRDH_1SDV_20170928T161150_35VLC_50_66,S2B_MSIL2A_20170927T094019_N9999_R036_T35VLC_50_66,56.106529095927606,24.758487797637766,Lithuania,Fall,"Cold, no dry season, warm summer"
S1A_IW_GRDH_1SDV_20170925T043436_35VLC_62_56,S2B_MSIL2A_20170927T094019_N9999_R036_T35VLC_62_56,56.21826282416135,24.984228219800453,Lithuania,Fall,"Cold, no dry season, warm summer"
S1B_IW_GRDH_1SDV_20170929T045032_34UEG_25_31,S2B_MSIL2A_20170930T095019_N9999_R079_T34UEG_25_31,55.60513063997532,21.485381879465393,Lithuania,Fall,"Cold, no dry season, warm summer"
S1B_IW_GRDH_1SDV_20170929T045032_34UEG_32_43,S2B_MSIL2A_20170930T095019_N9999_R079_T34UEG_32_43,55.47514513705533,21.616675058620086,Lithuania,Fall,"Cold, no dry season, warm summer"
S1B_IW_GRDH_1SDV_20170929T045032_34UEG_40_31,S2B_MSIL2A_20170930T095019_N9999_R079_T34UEG_40_31,55.603667331118714,21.771063737476762,Lithuania,Fall,"Cold, no dry season, warm summer"
S1B_IW_GRDH_1SDV_20170929T045057_34UEG_40_68,S2B_MSIL2A_20170930T095019_N9999_R079_T34UEG_40_68,55.204732613469325,21.76333543938787,Lithuania,Fall,"Cold, no dry season, warm summer"
S1B_IW_GRDH_1SDV_20170929T045032_34UEG_41_36,S2B_MSIL2A_20170930T095019_N9999_R079_T34UEG_41_36,55.549637837864665,21.789026434639133,Lithuania,Fall,"Cold, no dry season, warm summer"
S1B_IW_GRDH_1SDV_20170929T045032_34UEG_45_46,S2B_MSIL2A_20170930T095019_N9999_R079_T34UEG_45_46,55.44130847085618,21.86273841790469,Lithuania,Fall,"Cold, no dry season, warm summer"
S1B_IW_GRDH_1SDV_20170929T045032_34UEG_65_34,S2B_MSIL2A_20170930T095019_N9999_R079_T34UEG_65_34,55.56740977797512,22.24609767766336,Lithuania,Fall,"Cold, no dry season, warm summer"
S1B_IW_GRDH_1SDV_20170929T045032_34UEG_66_23,S2B_MSIL2A_20170930T095019_N9999_R079_T34UEG_66_23,55.68579439657958,22.268947675980538,Lithuania,Fall,"Cold, no dry season, warm summer"
S1B_IW_GRDH_1SDV_20170929T045032_34UEG_67_35,S2B_MSIL2A_20170930T095019_N9999_R079_T34UEG_67_35,55.55623706669847,22.28379398752014,Lithuania,Fall,"Cold, no dry season, warm summer"
S1A_IW_GRDH_1SDV_20171016T055031_31UGR_35_68,S2B_MSIL2A_20171015T104009_N9999_R008_T31UGR_35_68,49.76402197221672,6.3684018765900605,Luxembourg,Fall,"Temperate, no dry season, warm summer"
S1B_IW_GRDH_1SDV_20171016T045754_34VDM_24_34,S2B_MSIL2A_20171016T101009_N9999_R022_T34VDM_24_34,60.058643559698815,19.731245602524645,Finland,Fall,"Cold, no dry season, warm summer"
S1B_IW_GRDH_1SDV_20171016T045754_34VDM_28_41,S2B_MSIL2A_20171016T101009_N9999_R022_T34VDM_28_41,59.984032919696084,19.82012641650934,Finland,Fall,"Cold, no dry season, warm summer"
S1B_IW_GRDH_1SDV_20171016T045754_34VDM_29_43,S2B_MSIL2A_20171016T101009_N9999_R022_T34VDM_29_43,59.96267737297964,19.842377888949947,Finland,Fall,"Cold, no dry season, warm summer"
S1B_IW_GRDH_1SDV_20171016T045754_34VDM_30_65,S2B_MSIL2A_20171016T101009_N9999_R022_T34VDM_30_65,59.72585220770237,19.87191158415226,Finland,Fall,"Cold, no dry season, warm summer"
S1B_IW_GRDH_1SDV_20171016T045729_34VDM_31_30,S2B_MSIL2A_20171016T101009_N9999_R022_T34VDM_31_30,60.10309644468013,19.88062118563839,Finland,Fall,"Cold, no dry season, warm summer"
S1B_IW_GRDH_1SDV_20171016T045754_34VDM_31_39,S2B_MSIL2A_20171016T101009_N9999_R022_T34VDM_31_39,60.00613967860173,19.88389941981847,Finland,Fall,"Cold, no dry season, warm summer"
S1B_IW_GRDH_1SDV_20171016T045754_34VDM_32_33,S2B_MSIL2A_20171016T101009_N9999_R022_T34VDM_32_33,60.070958184099574,19.903272503204157,Finland,Fall,"Cold, no dry season, warm summer"
S1B_IW_GRDH_1SDV_20171016T045729_34VDM_34_30,S2B_MSIL2A_20171016T101009_N9999_R022_T34VDM_34_30,60.10362806839636,19.945353543153413,Finland,Fall,"Cold, no dry season, warm summer"
S1B_IW_GRDH_1SDV_20171016T045754_34VDM_36_38,S2B_MSIL2A_20171016T101009_N9999_R022_T34VDM_36_38,60.01777818313933,19.99114401795296,Finland,Fall,"Cold, no dry season, warm summer"
S1B_IW_GRDH_1SDV_20171016T045754_34VDM_42_39,S2B_MSIL2A_20171016T101009_N9999_R022_T34VDM_42_39,60.007927238721685,20.120567638570233,Finland,Fall,"Cold, no dry season, warm summer"
S1B_IW_GRDH_1SDV_20171016T045754_34VDM_44_50,S2B_MSIL2A_20171016T101009_N9999_R022_T34VDM_44_50,59.889692103047764,20.166581506692584,Finland,Fall,"Cold, no dry season, warm summer"
S1B_IW_GRDH_1SDV_20171016T045754_34VDM_45_46,S2B_MSIL2A_20171016T101009_N9999_R022_T34VDM_45_46,59.93292264809363,20.186968920313564,Finland,Fall,"Cold, no dry season, warm summer"
S1B_IW_GRDH_1SDV_20171016T045754_34VDM_51_59,S2B_MSIL2A_20171016T101009_N9999_R022_T34VDM_51_59,59.793584233613196,20.318653083508853,Finland,Fall,"Cold, no dry season, warm summer"
S1B_IW_GRDH_1SDV_20171016T045729_34VDM_52_32,S2B_MSIL2A_20171016T101009_N9999_R022_T34VDM_52_32,60.08460456201966,20.33422695666609,Finland,Fall,"Cold, no dry season, warm summer"
S1B_IW_GRDH_1SDV_20171016T045729_34VDM_52_34,S2B_MSIL2A_20171016T101009_N9999_R022_T34VDM_52_34,60.06305602937341,20.33466109221655,Finland,Fall,"Cold, no dry season, warm summer"
S1B_IW_GRDH_1SDV_20171016T045754_34VDM_52_40,S2B_MSIL2A_20171016T101009_N9999_R022_T34VDM_52_40,59.9984099955067,20.335959546787997,Finland,Fall,"Cold, no dry season, warm summer"
S1B_IW_GRDH_1SDV_20171016T045754_34VDM_53_44,S2B_MSIL2A_20171016T101009_N9999_R022_T34VDM_53_44,59.955418486217475,20.358305557194385,Finland,Fall,"Cold, no dry season, warm summer"
S1B_IW_GRDH_1SDV_20171016T045729_34VDM_55_31,S2B_MSIL2A_20171016T101009_N9999_R022_T34VDM_55_31,60.0956886769379,20.398734339059217,Finland,Fall,"Cold, no dry season, warm summer"
S1B_IW_GRDH_1SDV_20171016T045754_34VDM_56_65,S2B_MSIL2A_20171016T101009_N9999_R022_T34VDM_56_65,59.72944468965837,20.42666118373285,Finland,Fall,"Cold, no dry season, warm summer"
S1B_IW_GRDH_1SDV_20171016T045754_34VDM_64_52,S2B_MSIL2A_20171016T101009_N9999_R022_T34VDM_64_52,59.87015607224609,20.59568450426406,Finland,Fall,"Cold, no dry season, warm summer"
S1B_IW_GRDH_1SDV_20171016T045729_34VDM_67_31,S2B_MSIL2A_20171016T101009_N9999_R022_T34VDM_67_31,60.09661164816266,20.6576451268342,Finland,Fall,"Cold, no dry season, warm summer"
S1B_IW_GRDH_1SDV_20171016T045754_34VDM_67_48,S2B_MSIL2A_20171016T101009_N9999_R022_T34VDM_67_48,59.913438088812484,20.659532861240073,Finland,Fall,"Cold, no dry season, warm summer"
S1B_IW_GRDH_1SDV_20171016T045754_34VDM_68_58,S2B_MSIL2A_20171016T101009_N9999_R022_T34VDM_68_58,59.80573995163203,20.682020332618166,Finland,Fall,"Cold, no dry season, warm summer"
S1A_IW_GRDH_1SDV_20171020T051351_34VDR_59_68,S2B_MSIL2A_20171019T102019_N9999_R065_T34VDR_59_68,63.288309759787545,20.428934586365095,Finland,Fall,"Cold, no dry season, cold summer"
S1A_IW_GRDH_1SDV_20171020T051351_34VDR_66_63,S2B_MSIL2A_20171019T102019_N9999_R065_T34VDR_66_63,63.342730496694905,20.59566547011978,Finland,Fall,"Cold, no dry season, cold summer"
S1B_IW_GRDH_1SDV_20171112T181343_29UPU_24_37,S2B_MSIL2A_20171112T114339_N9999_R123_T29UPU_24_37,52.829566089416836,-7.079290725003096,Ireland,Fall,"Temperate, no dry season, warm summer"
S1B_IW_GRDH_1SDV_20171112T181343_29UPU_25_23,S2B_MSIL2A_20171112T114339_N9999_R123_T29UPU_25_23,52.98021470172088,-7.054738657924957,Ireland,Fall,"Temperate, no dry season, warm summer"
S1B_IW_GRDH_1SDV_20171112T181343_29UPU_27_49,S2B_MSIL2A_20171112T114339_N9999_R123_T29UPU_27_49,52.6993134604394,-7.031733613314988,Ireland,Fall,"Temperate, no dry season, warm summer"
S1B_IW_GRDH_1SDV_20171112T181343_29UPU_27_50,S2B_MSIL2A_20171112T114339_N9999_R123_T29UPU_27_50,52.68853195368301,-7.03221862314045,Ireland,Fall,"Temperate, no dry season, warm summer"
S1B_IW_GRDH_1SDV_20171112T181343_29UPU_29_31,S2B_MSIL2A_20171112T114339_N9999_R123_T29UPU_29_31,52.892777718222305,-6.987298128176496,Ireland,Fall,"Temperate, no dry season, warm summer"
S1B_IW_GRDH_1SDV_20171112T181343_29UPU_31_61,S2B_MSIL2A_20171112T114339_N9999_R123_T29UPU_31_61,52.568739254888634,-6.966755232400313,Ireland,Fall,"Temperate, no dry season, warm summer"
S1B_IW_GRDH_1SDV_20171112T181343_29UPU_32_44,S2B_MSIL2A_20171112T114339_N9999_R123_T29UPU_32_44,52.75171085455234,-6.940461580615492,Ireland,Fall,"Temperate, no dry season, warm summer"
S1B_IW_GRDH_1SDV_20171112T181343_29UPU_33_64,S2B_MSIL2A_20171112T114339_N9999_R123_T29UPU_33_64,52.53578277860672,-6.932889017435483,Ireland,Fall,"Temperate, no dry season, warm summer"
S1B_IW_GRDH_1SDV_20171112T181343_29UPU_38_49,S2B_MSIL2A_20171112T114339_N9999_R123_T29UPU_38_49,52.69591073666084,-6.836531688735711,Ireland,Fall,"Temperate, no dry season, warm summer"
S1B_IW_GRDH_1SDV_20171112T181343_29UPU_42_39,S2B_MSIL2A_20171112T114339_N9999_R123_T29UPU_42_39,52.80238920817305,-6.7600350995591985,Ireland,Fall,"Temperate, no dry season, warm summer"
S1B_IW_GRDH_1SDV_20171112T181343_29UPU_45_39,S2B_MSIL2A_20171112T114339_N9999_R123_T29UPU_45_39,52.80136965525014,-6.706678054567117,Ireland,Fall,"Temperate, no dry season, warm summer"
S1B_IW_GRDH_1SDV_20171112T181343_29UPU_47_31,S2B_MSIL2A_20171112T114339_N9999_R123_T29UPU_47_31,52.88690596088745,-6.666487767980097,Ireland,Fall,"Temperate, no dry season, warm summer"
S1B_IW_GRDH_1SDV_20171112T181343_29UPU_47_64,S2B_MSIL2A_20171112T114339_N9999_R123_T29UPU_47_64,52.53120005461608,-6.6853975412792215,Ireland,Fall,"Temperate, no dry season, warm summer"
S1B_IW_GRDH_1SDV_20171112T181343_29UPU_49_38,S2B_MSIL2A_20171112T114339_N9999_R123_T29UPU_49_38,52.81075143801462,-6.63495531859159,Ireland,Fall,"Temperate, no dry season, warm summer"
S1B_IW_GRDH_1SDV_20171112T181343_29UPU_53_53,S2B_MSIL2A_20171112T114339_N9999_R123_T29UPU_53_53,52.64764023219656,-6.5728055702366035,Ireland,Fall,"Temperate, no dry season, warm summer"
S1B_IW_GRDH_1SDV_20171112T181343_29UPU_54_47,S2B_MSIL2A_20171112T114339_N9999_R123_T29UPU_54_47,52.711944083580526,-6.551469117201004,Ireland,Fall,"Temperate, no dry season, warm summer"
S1B_IW_GRDH_1SDV_20171112T181343_29UPU_54_51,S2B_MSIL2A_20171112T114339_N9999_R123_T29UPU_54_51,52.66883194877736,-6.553881075444684,Ireland,Fall,"Temperate, no dry season, warm summer"
S1B_IW_GRDH_1SDV_20171112T181343_29UPU_55_28,S2B_MSIL2A_20171112T114339_N9999_R123_T29UPU_55_28,52.91635062907343,-6.5220980295483795,Ireland,Fall,"Temperate, no dry season, warm summer"
S1B_IW_GRDH_1SDV_20171112T181343_29UPU_55_58,S2B_MSIL2A_20171112T114339_N9999_R123_T29UPU_55_58,52.59301833209658,-6.540388556281238,Ireland,Fall,"Temperate, no dry season, warm summer"
S1B_IW_GRDH_1SDV_20171112T181343_29UPU_58_41,S2B_MSIL2A_20171112T114339_N9999_R123_T29UPU_58_41,52.77512015194365,-6.476750742022091,Ireland,Fall,"Temperate, no dry season, warm summer"
S1B_IW_GRDH_1SDV_20171112T181343_29UPU_59_28,S2B_MSIL2A_20171112T114339_N9999_R123_T29UPU_59_28,52.91484098998033,-6.450781936906423,Ireland,Fall,"Temperate, no dry season, warm summer"
S1B_IW_GRDH_1SDV_20171112T181343_29UPU_60_46,S2B_MSIL2A_20171112T114339_N9999_R123_T29UPU_60_46,52.72047336683271,-6.444365396342374,Ireland,Fall,"Temperate, no dry season, warm summer"
S1B_IW_GRDH_1SDV_20171112T181343_29UPU_64_31,S2B_MSIL2A_20171112T114339_N9999_R123_T29UPU_64_31,52.880565590985704,-6.363609897896862,Ireland,Fall,"Temperate, no dry season, warm summer"
S1B_IW_GRDH_1SDV_20171206T163254_34TCR_35_45,S2B_MSIL2A_20171206T094349_N9999_R036_T34TCR_35_45,45.54434165946207,18.983735879692766,Serbia,Winter,"Temperate, no dry season, hot summer"
S1B_IW_GRDH_1SDV_20171206T163254_34TCR_40_26,S2B_MSIL2A_20171206T094349_N9999_R036_T34TCR_40_26,45.7507745057237,19.053455559729557,Serbia,Winter,"Temperate, no dry season, hot summer"
S1B_IW_GRDH_1SDV_20171206T163254_34TCR_41_23,S2B_MSIL2A_20171206T094349_N9999_R036_T34TCR_41_23,45.78342038568737,19.067756828152394,Serbia,Winter,"Temperate, no dry season, hot summer"
S1B_IW_GRDH_1SDV_20171206T163254_34TCR_41_50,S2B_MSIL2A_20171206T094349_N9999_R036_T34TCR_41_50,45.49195587758844,19.07775234129272,Serbia,Winter,"Temperate, no dry season, hot summer"
S1B_IW_GRDH_1SDV_20171206T163254_34TCR_43_46,S2B_MSIL2A_20171206T094349_N9999_R036_T34TCR_43_46,45.53565026991879,19.10700266137612,Serbia,Winter,"Temperate, no dry season, hot summer"
S1B_IW_GRDH_1SDV_20171206T163254_34TCR_43_55,S2B_MSIL2A_20171206T094349_N9999_R036_T34TCR_43_55,45.43849083124568,19.110255374542632,Serbia,Winter,"Temperate, no dry season, hot summer"
S1B_IW_GRDH_1SDV_20171206T163254_34TCR_44_43,S2B_MSIL2A_20171206T094349_N9999_R036_T34TCR_44_43,45.568290236041584,19.121284592004553,Serbia,Winter,"Temperate, no dry season, hot summer"
S1B_IW_GRDH_1SDV_20171206T163254_34TCR_45_57,S2B_MSIL2A_20171206T094349_N9999_R036_T34TCR_45_57,45.41740267612036,19.141633858162955,Serbia,Winter,"Temperate, no dry season, hot summer"
S1B_IW_GRDH_1SDV_20171206T163254_34TCR_47_49,S2B_MSIL2A_20171206T094349_N9999_R036_T34TCR_47_49,45.504264926210155,19.169498955939382,Serbia,Winter,"Temperate, no dry season, hot summer"
S1B_IW_GRDH_1SDV_20171206T163254_34TCR_52_56,S2B_MSIL2A_20171206T094349_N9999_R036_T34TCR_52_56,45.429895141261255,19.24860887013083,Serbia,Winter,"Temperate, no dry season, hot summer"
S1B_IW_GRDH_1SDV_20171206T163254_34TCR_53_29,S2B_MSIL2A_20171206T094349_N9999_R036_T34TCR_53_29,45.721627422420276,19.254934230424144,Serbia,Winter,"Temperate, no dry season, hot summer"
S1B_IW_GRDH_1SDV_20171206T163254_34TCR_53_58,S2B_MSIL2A_20171206T094349_N9999_R036_T34TCR_53_58,45.408536186690554,19.264604203501147,Serbia,Winter,"Temperate, no dry season, hot summer"
S1B_IW_GRDH_1SDV_20171206T163254_34TCR_55_49,S2B_MSIL2A_20171206T094349_N9999_R036_T34TCR_55_49,45.506167786441196,19.292328803971326,Serbia,Winter,"Temperate, no dry season, hot summer"
S1B_IW_GRDH_1SDV_20171206T163254_34TCR_59_66,S2B_MSIL2A_20171206T094349_N9999_R036_T34TCR_59_66,45.3235194738605,19.35907423492792,Serbia,Winter,"Temperate, no dry season, hot summer"
S1B_IW_GRDH_1SDV_20171206T163254_34TCR_60_36,S2B_MSIL2A_20171206T094349_N9999_R036_T34TCR_60_36,45.647648718215976,19.36503417413924,Serbia,Winter,"Temperate, no dry season, hot summer"
S1B_IW_GRDH_1SDV_20171206T163254_34TCR_62_33,S2B_MSIL2A_20171206T094349_N9999_R036_T34TCR_62_33,45.68047571750795,19.394896251540438,Serbia,Winter,"Temperate, no dry season, hot summer"
S1B_IW_GRDH_1SDV_20171206T163254_34TCR_62_57,S2B_MSIL2A_20171206T094349_N9999_R036_T34TCR_62_57,45.421346743449924,19.402257188996778,Serbia,Winter,"Temperate, no dry season, hot summer"
S1B_IW_GRDH_1SDV_20171206T163254_34TCR_65_33,S2B_MSIL2A_20171206T094349_N9999_R036_T34TCR_65_33,45.68111574583462,19.441105720116855,Serbia,Winter,"Temperate, no dry season, hot summer"
S1B_IW_GRDH_1SDV_20171220T050912_33TWN_34_31,S2B_MSIL2A_20171219T095409_N9999_R079_T33TWN_34_31,47.512272515096875,15.549566007437079,Austria,Winter,"Cold, no dry season, warm summer"
S1B_IW_GRDH_1SDV_20171220T050912_33TWN_42_28,S2B_MSIL2A_20171219T095409_N9999_R079_T33TWN_42_28,47.5439809675277,15.677471862785234,Austria,Winter,"Cold, no dry season, warm summer"
S1B_IW_GRDH_1SDV_20171220T050937_33TWN_44_64,S2B_MSIL2A_20171219T095409_N9999_R079_T33TWN_44_64,47.15509498492688,15.704173734578058,Austria,Winter,"Cold, no dry season, warm summer"
S1B_IW_GRDH_1SDV_20171220T050912_33TWN_49_38,S2B_MSIL2A_20171219T095409_N9999_R079_T33TWN_49_38,47.435301639723846,15.787473545653638,Austria,Winter,"Cold, no dry season, warm summer"
S1B_IW_GRDH_1SDV_20171220T050937_33TWN_63_66,S2B_MSIL2A_20171219T095409_N9999_R079_T33TWN_63_66,47.13125838140249,16.004497627606067,Austria,Winter,"Cold, no dry season, warm summer"
S1B_IW_GRDH_1SDV_20171220T050912_33TWN_65_48,S2B_MSIL2A_20171219T095409_N9999_R079_T33TWN_65_48,47.32531010583124,16.039932889031213,Austria,Winter,"Cold, no dry season, warm summer"
S1A_IW_GRDH_1SDV_20180126T161302_34VDN_23_62,S2B_MSIL2A_20180127T102259_N9999_R065_T34VDN_23_62,60.65465131472459,19.685922663473544,Finland,Winter,"Cold, no dry season, warm summer"
S1A_IW_GRDH_1SDV_20180126T161302_34VDN_24_66,S2B_MSIL2A_20180127T102259_N9999_R065_T34VDN_24_66,60.61177951883112,19.70958924119323,Finland,Winter,"Cold, no dry season, warm summer"
S1B_IW_GRDH_1SDV_20180130T162407_34TEP_25_38,S2B_MSIL2A_20180201T093219_N9999_R136_T34TEP_25_38,43.836825732945734,21.380378831996218,Serbia,Winter,"Temperate, no dry season, hot summer"
S1B_IW_GRDH_1SDV_20180130T162407_34TEP_27_40,S2B_MSIL2A_20180201T093219_N9999_R136_T34TEP_27_40,43.815113944116916,21.41008329231776,Serbia,Winter,"Temperate, no dry season, hot summer"
S1B_IW_GRDH_1SDV_20180130T162407_34TEP_28_42,S2B_MSIL2A_20180201T093219_N9999_R136_T34TEP_28_42,43.7934508600941,21.4248508875662,Serbia,Winter,"Temperate, no dry season, hot summer"
S1B_IW_GRDH_1SDV_20180130T162407_34TEP_29_40,S2B_MSIL2A_20180201T093219_N9999_R136_T34TEP_29_40,43.81500297079169,21.43992477887293,Serbia,Winter,"Temperate, no dry season, hot summer"
S1B_IW_GRDH_1SDV_20180130T162407_34TEP_30_42,S2B_MSIL2A_20180201T093219_N9999_R136_T34TEP_30_42,43.79333607709806,21.454681533420537,Serbia,Winter,"Temperate, no dry season, hot summer"
S1B_IW_GRDH_1SDV_20180130T162407_34TEP_33_28,S2B_MSIL2A_20180201T093219_N9999_R136_T34TEP_33_28,43.94440598523737,21.500691755309468,Serbia,Winter,"Temperate, no dry season, hot summer"
S1B_IW_GRDH_1SDV_20180130T162407_34TEP_34_55,S2B_MSIL2A_20180201T093219_N9999_R136_T34TEP_34_55,43.652627219408544,21.513141990046897,Serbia,Winter,"Temperate, no dry season, hot summer"
S1B_IW_GRDH_1SDV_20180130T162407_34TEP_34_68,S2B_MSIL2A_20180201T093219_N9999_R136_T34TEP_34_68,43.51216779343528,21.511950361971028,Serbia,Winter,"Temperate, no dry season, hot summer"
S1B_IW_GRDH_1SDV_20180130T162407_34TEP_36_27,S2B_MSIL2A_20180201T093219_N9999_R136_T34TEP_36_27,43.955004437231615,21.545649045753517,Serbia,Winter,"Temperate, no dry season, hot summer"
S1B_IW_GRDH_1SDV_20180130T162407_34TEP_37_46,S2B_MSIL2A_20180201T093219_N9999_R136_T34TEP_37_46,43.74965650180885,21.558684831931117,Serbia,Winter,"Temperate, no dry season, hot summer"
S1B_IW_GRDH_1SDV_20180130T162407_34TEP_39_56,S2B_MSIL2A_20180201T093219_N9999_R136_T34TEP_39_56,43.64146471103711,21.58743742437038,Serbia,Winter,"Temperate, no dry season, hot summer"
S1B_IW_GRDH_1SDV_20180130T162407_34TEP_47_48,S2B_MSIL2A_20180201T093219_N9999_R136_T34TEP_47_48,43.72722304044527,21.707469192425037,Serbia,Winter,"Cold, no dry season, warm summer"
S1B_IW_GRDH_1SDV_20180130T162407_34TEP_51_61,S2B_MSIL2A_20180201T093219_N9999_R136_T34TEP_51_61,43.586387997490384,21.765275524948652,Serbia,Winter,"Cold, no dry season, warm summer"
S1B_IW_GRDH_1SDV_20180130T162407_34TEP_54_34,S2B_MSIL2A_20180201T093219_N9999_R136_T34TEP_54_34,43.8777789317636,21.813805367492275,Serbia,Winter,"Cold, no dry season, warm summer"
S1B_IW_GRDH_1SDV_20180130T162407_34TEP_57_29,S2B_MSIL2A_20180201T093219_N9999_R136_T34TEP_57_29,43.931466939929194,21.859387629944205,Serbia,Winter,"Cold, no dry season, warm summer"
S1B_IW_GRDH_1SDV_20180130T162407_34TEP_59_41,S2B_MSIL2A_20180201T093219_N9999_R136_T34TEP_59_41,43.80160019680038,21.887359200385596,Serbia,Winter,"Temperate, no dry season, hot summer"
S1B_IW_GRDH_1SDV_20180130T162407_34TEP_60_30,S2B_MSIL2A_20180201T093219_N9999_R136_T34TEP_60_30,43.92031784693428,21.90406921821895,Serbia,Winter,"Cold, no dry season, warm summer"
S1B_IW_GRDH_1SDV_20180130T162407_34TEP_62_25,S2B_MSIL2A_20180201T093219_N9999_R136_T34TEP_62_25,43.97409180047506,21.934806370429754,Serbia,Winter,"Cold, no dry season, warm summer"
S1B_IW_GRDH_1SDV_20180130T162407_34TEP_66_44,S2B_MSIL2A_20180201T093219_N9999_R136_T34TEP_66_44,43.768332784115856,21.991233314584207,Serbia,Winter,"Cold, no dry season, warm summer"
S1A_IW_GRDH_1SDV_20180204T043318_35VNH_36_65,S2B_MSIL2A_20180204T094159_N9999_R036_T35VNH_36_65,60.62638531997492,27.800087807670984,Finland,Winter,"Cold, no dry season, warm summer"
S1A_IW_GRDH_1SDV_20180204T043318_35VNH_55_38,S2B_MSIL2A_20180204T094159_N9999_R036_T35VNH_55_38,60.914073977756786,28.227740863507115,Finland,Winter,"Cold, no dry season, warm summer"
S1A_IW_GRDH_1SDV_20180204T043318_35VNJ_30_47,S2B_MSIL2A_20180204T094159_N9999_R036_T35VNJ_30_47,61.718356768887496,27.692023991640482,Finland,Winter,"Cold, no dry season, warm summer"
S1A_IW_GRDH_1SDV_20180204T043318_35VNJ_62_67,S2B_MSIL2A_20180204T094159_N9999_R036_T35VNJ_62_67,61.497381845462286,28.408467350930337,Finland,Winter,"Cold, no dry season, warm summer"
S1A_IW_GRDH_1SDV_20180204T043318_35VNJ_68_63,S2B_MSIL2A_20180204T094159_N9999_R036_T35VNJ_68_63,61.53899364922086,28.545798517336358,Finland,Winter,"Cold, no dry season, warm summer"
S1A_IW_GRDH_1SDV_20180204T043253_35VPK_36_36,S2B_MSIL2A_20180204T094159_N9999_R036_T35VPK_36_36,62.70824693190865,29.81158688204033,Finland,Winter,"Cold, no dry season, cold summer"
S1A_IW_GRDH_1SDV_20180204T043253_35VPK_43_42,S2B_MSIL2A_20180204T094159_N9999_R036_T35VPK_43_42,62.64032649895401,29.969091551786416,Finland,Winter,"Cold, no dry season, cold summer"
S1A_IW_GRDH_1SDV_20180204T043253_35VPK_55_32,S2B_MSIL2A_20180204T094159_N9999_R036_T35VPK_55_32,62.74163459070796,30.26131629961755,Finland,Winter,"Cold, no dry season, cold summer"
S1A_IW_GRDH_1SDV_20180204T043253_35VPK_64_45,S2B_MSIL2A_20180204T094159_N9999_R036_T35VPK_64_45,62.596808784924725,30.455939564036328,Finland,Winter,"Cold, no dry season, cold summer"
S1A_IW_GRDH_1SDV_20180219T063851_29UPV_24_43,S2B_MSIL2A_20180220T114339_N9999_R123_T29UPV_24_43,53.66291292463778,-7.04159369820131,Ireland,Winter,"Temperate, no dry season, warm summer"
S1A_IW_GRDH_1SDV_20180219T063851_29UPV_24_65,S2B_MSIL2A_20180220T114339_N9999_R123_T29UPV_24_65,53.425751709387356,-7.052514196187618,Ireland,Winter,"Temperate, no dry season, warm summer"
S1A_IW_GRDH_1SDV_20180219T063851_29UPV_28_52,S2B_MSIL2A_20180220T114339_N9999_R123_T29UPV_28_52,53.564688306953826,-6.9736496282407225,Ireland,Winter,"Temperate, no dry season, warm summer"
S1A_IW_GRDH_1SDV_20180219T063851_29UPV_29_36,S2B_MSIL2A_20180220T114339_N9999_R123_T29UPV_29_36,53.73684782512643,-6.947179326673831,Ireland,Winter,"Temperate, no dry season, warm summer"
S1A_IW_GRDH_1SDV_20180219T063851_29UPV_29_52,S2B_MSIL2A_20180220T114339_N9999_R123_T29UPV_29_52,53.56438009524714,-6.955542867633415,Ireland,Winter,"Temperate, no dry season, warm summer"
S1A_IW_GRDH_1SDV_20180219T063851_29UPV_30_30,S2B_MSIL2A_20180220T114339_N9999_R123_T29UPV_30_30,53.80120805972288,-6.92581224022979,Ireland,Winter,"Temperate, no dry season, warm summer"
S1A_IW_GRDH_1SDV_20180219T063851_29UPV_31_56,S2B_MSIL2A_20180220T114339_N9999_R123_T29UPV_31_56,53.52063857645,-6.921444463006724,Ireland,Winter,"Temperate, no dry season, warm summer"
S1A_IW_GRDH_1SDV_20180219T063851_29UPV_33_39,S2B_MSIL2A_20180220T114339_N9999_R123_T29UPV_33_39,53.70324390334709,-6.876090409511954,Ireland,Winter,"Temperate, no dry season, warm summer"
S1A_IW_GRDH_1SDV_20180219T063851_29UPV_33_43,S2B_MSIL2A_20180220T114339_N9999_R123_T29UPV_33_43,53.66012923097189,-6.87825943457912,Ireland,Winter,"Temperate, no dry season, warm summer"
S1A_IW_GRDH_1SDV_20180219T063851_29UPV_34_41,S2B_MSIL2A_20180220T114339_N9999_R123_T29UPV_34_41,53.681363316734576,-6.8590198384891385,Ireland,Winter,"Temperate, no dry season, warm summer"
S1A_IW_GRDH_1SDV_20180219T063851_29UPV_35_50,S2B_MSIL2A_20180220T114339_N9999_R123_T29UPV_35_50,53.584030597290834,-6.845813575857172,Ireland,Winter,"Temperate, no dry season, warm summer"
S1A_IW_GRDH_1SDV_20180219T063851_29UPV_37_58,S2B_MSIL2A_20180220T114339_N9999_R123_T29UPV_37_58,53.497144884762555,-6.814035399104434,Ireland,Winter,"Temperate, no dry season, warm summer"
S1A_IW_GRDH_1SDV_20180219T063851_29UPV_38_29,S2B_MSIL2A_20180220T114339_N9999_R123_T29UPV_38_29,53.809377210444396,-6.779588977759953,Ireland,Winter,"Temperate, no dry season, warm summer"
S1A_IW_GRDH_1SDV_20180219T063851_29UPV_38_38,S2B_MSIL2A_20180220T114339_N9999_R123_T29UPV_38_38,53.712376589360574,-6.78470241988195,Ireland,Winter,"Temperate, no dry season, warm summer"
S1A_IW_GRDH_1SDV_20180219T063851_29UPV_40_28,S2B_MSIL2A_20180220T114339_N9999_R123_T29UPV_40_28,53.81947463266756,-6.742590551820026,Ireland,Winter,"Temperate, no dry season, warm summer"
S1A_IW_GRDH_1SDV_20180219T063851_29UPV_44_30,S2B_MSIL2A_20180220T114339_N9999_R123_T29UPV_44_30,53.79652699990997,-6.670933871802353,Ireland,Winter,"Temperate, no dry season, warm summer"
S1A_IW_GRDH_1SDV_20180219T063851_29UPV_45_64,S2B_MSIL2A_20180220T114339_N9999_R123_T29UPV_45_64,53.42974638899971,-6.672977405749483,Ireland,Winter,"Temperate, no dry season, warm summer"
S1A_IW_GRDH_1SDV_20180219T063851_29UPV_47_47,S2B_MSIL2A_20180220T114339_N9999_R123_T29UPV_47_47,53.612248975793825,-6.6266631200314325,Ireland,Winter,"Temperate, no dry season, warm summer"
S1A_IW_GRDH_1SDV_20180219T063851_29UPV_48_31,S2B_MSIL2A_20180220T114339_N9999_R123_T29UPV_48_31,53.78431373510808,-6.598740951035697,Ireland,Winter,"Temperate, no dry season, warm summer"
S1A_IW_GRDH_1SDV_20180219T063851_29UPV_48_36,S2B_MSIL2A_20180220T114339_N9999_R123_T29UPV_48_36,53.7304313713618,-6.601814178242866,Ireland,Winter,"Temperate, no dry season, warm summer"
S1A_IW_GRDH_1SDV_20180219T063851_29UPV_48_37,S2B_MSIL2A_20180220T114339_N9999_R123_T29UPV_48_37,53.71965482561387,-6.602427626651323,Ireland,Winter,"Temperate, no dry season, warm summer"
S1A_IW_GRDH_1SDV_20180219T063851_29UPV_50_66,S2B_MSIL2A_20180220T114339_N9999_R123_T29UPV_50_66,53.40639971017965,-6.583975262731578,Ireland,Winter,"Temperate, no dry season, warm summer"
S1A_IW_GRDH_1SDV_20180219T063851_29UPV_51_41,S2B_MSIL2A_20180220T114339_N9999_R123_T29UPV_51_41,53.67544652369763,-6.550428195501557,Ireland,Winter,"Temperate, no dry season, warm summer"
S1A_IW_GRDH_1SDV_20180219T063851_29UPV_54_52,S2B_MSIL2A_20180220T114339_N9999_R123_T29UPV_54_52,53.555784808532565,-6.502990979876872,Ireland,Winter,"Temperate, no dry season, warm summer"
S1A_IW_GRDH_1SDV_20180219T063851_29UPV_54_58,S2B_MSIL2A_20180220T114339_N9999_R123_T29UPV_54_58,53.491128035633075,-6.506792750951442,Ireland,Winter,"Temperate, no dry season, warm summer"
S1A_IW_GRDH_1SDV_20180219T063851_29UPV_56_33,S2B_MSIL2A_20180220T114339_N9999_R123_T29UPV_56_33,53.75975816245923,-6.454484968853038,Ireland,Winter,"Temperate, no dry season, warm summer"
S1A_IW_GRDH_1SDV_20180219T063851_29UPV_57_50,S2B_MSIL2A_20180220T114339_N9999_R123_T29UPV_57_50,53.576189573642296,-6.447403002621115,Ireland,Winter,"Temperate, no dry season, warm summer"
S1A_IW_GRDH_1SDV_20180219T063851_29UPV_61_51,S2B_MSIL2A_20180220T114339_N9999_R123_T29UPV_61_51,53.56384656133838,-6.375653276037459,Ireland,Winter,"Temperate, no dry season, warm summer"
S1A_IW_GRDH_1SDV_20180219T063851_29UPV_63_48,S2B_MSIL2A_20180220T114339_N9999_R123_T29UPV_63_48,53.5953702720532,-6.337424630662548,Ireland,Winter,"Temperate, no dry season, warm summer"
S1A_IW_GRDH_1SDV_20180219T063851_29UPV_64_47,S2B_MSIL2A_20180220T114339_N9999_R123_T29UPV_64_47,53.6057400309582,-6.31863032851267,Ireland,Winter,"Temperate, no dry season, warm summer"
S1A_IW_GRDH_1SDV_20180219T063851_29UPV_68_45,S2B_MSIL2A_20180220T114339_N9999_R123_T29UPV_68_45,53.62564085194799,-6.2447664679032675,Ireland,Winter,"Temperate, no dry season, warm summer"
S1B_IW_GRDH_1SDV_20180225T064227_29SNC_24_29,S2B_MSIL2A_20180224T112109_N9999_R037_T29SNC_24_29,38.529494278296596,-8.662928118662297,Portugal,Winter,"Temperate, dry summer, hot summer"
S1B_IW_GRDH_1SDV_20180225T064227_29SNC_24_44,S2B_MSIL2A_20180224T112109_N9999_R037_T29SNC_24_44,38.36727730907342,-8.663681866555494,Portugal,Winter,"Temperate, dry summer, hot summer"
S1B_IW_GRDH_1SDV_20180225T064227_29SNC_26_39,S2B_MSIL2A_20180224T112109_N9999_R037_T29SNC_26_39,38.42126795182062,-8.63593808510587,Portugal,Winter,"Temperate, dry summer, hot summer"
S1B_IW_GRDH_1SDV_20180225T064227_29SNC_30_39,S2B_MSIL2A_20180224T112109_N9999_R037_T29SNC_30_39,38.421084239330405,-8.580952032249353,Portugal,Winter,"Temperate, dry summer, hot summer"
S1B_IW_GRDH_1SDV_20180225T064227_29SNC_35_46,S2B_MSIL2A_20180224T112109_N9999_R037_T29SNC_35_46,38.34511765883914,-8.512728357042002,Portugal,Winter,"Temperate, dry summer, hot summer"
S1B_IW_GRDH_1SDV_20180225T064227_29SNC_36_45,S2B_MSIL2A_20180224T112109_N9999_R037_T29SNC_36_45,38.35587421313142,-8.498921911729022,Portugal,Winter,"Temperate, dry summer, hot summer"
S1A_IW_GRDH_1SDV_20180225T183512_29SNC_51_44,S2B_MSIL2A_20180224T112109_N9999_R037_T29SNC_51_44,38.36562689143232,-8.292812535418642,Portugal,Winter,"Temperate, dry summer, hot summer"
S1A_IW_GRDH_1SDV_20180225T183512_29SNC_51_52,S2B_MSIL2A_20180224T112109_N9999_R037_T29SNC_51_52,38.279114411131765,-8.29365256914862,Portugal,Winter,"Temperate, dry summer, hot summer"
S1A_IW_GRDH_1SDV_20180225T183512_29SNC_55_50,S2B_MSIL2A_20180224T112109_N9999_R037_T29SNC_55_50,38.300399182247794,-8.238551231123505,Portugal,Winter,"Temperate, dry summer, hot summer"
S1A_IW_GRDH_1SDV_20180225T183447_29SNC_56_67,S2B_MSIL2A_20180224T112109_N9999_R037_T29SNC_56_67,38.11646950464418,-8.226775863238874,Portugal,Winter,"Temperate, dry summer, hot summer"
S1A_IW_GRDH_1SDV_20180225T183512_29SNC_59_36,S2B_MSIL2A_20180224T112109_N9999_R037_T29SNC_59_36,38.45142159926103,-8.181957558857786,Portugal,Winter,"Temperate, dry summer, hot summer"
S1A_IW_GRDH_1SDV_20180225T183512_29SNC_66_37,S2B_MSIL2A_20180224T112109_N9999_R037_T29SNC_66_37,38.43989668615515,-8.085837483956956,Portugal,Winter,"Temperate, dry summer, hot summer"
S1A_IW_GRDH_1SDV_20180327T064326_29SNB_23_23,S2B_MSIL2A_20180326T112109_N9999_R037_T29SNB_23_23,37.69298482203569,-8.68036190178791,Portugal,Spring,"Temperate, dry summer, hot summer"
S1A_IW_GRDH_1SDV_20180327T064326_29SNB_23_26,S2B_MSIL2A_20180326T112109_N9999_R037_T29SNB_23_26,37.66053710206761,-8.68050107409146,Portugal,Spring,"Temperate, dry summer, hot summer"
S1B_IW_GRDH_1SDV_20180327T183408_29SNB_25_40,S2B_MSIL2A_20180326T112109_N9999_R037_T29SNB_25_40,37.50903561488549,-8.653992403123864,Portugal,Spring,"Temperate, dry summer, hot summer"
S1B_IW_GRDH_1SDV_20180327T183408_29SNB_25_49,S2B_MSIL2A_20180326T112109_N9999_R037_T29SNB_25_49,37.41168913714172,-8.654440658221379,Portugal,Spring,"Temperate, dry summer, hot summer"
S1B_IW_GRDH_1SDV_20180327T183408_29SNB_26_46,S2B_MSIL2A_20180326T112109_N9999_R037_T29SNB_26_46,37.44409768415862,-8.640725655158468,Portugal,Spring,"Temperate, dry summer, hot summer"
S1B_IW_GRDH_1SDV_20180327T183408_29SNB_28_46,S2B_MSIL2A_20180326T112109_N9999_R037_T29SNB_28_46,37.44401209716539,-8.61359409072401,Portugal,Spring,"Temperate, dry summer, hot summer"
S1B_IW_GRDH_1SDV_20180327T183408_29SNB_35_56,S2B_MSIL2A_20180326T112109_N9999_R037_T29SNB_35_56,37.33550129450527,-8.519325687741182,Portugal,Spring,"Temperate, dry summer, hot summer"
S1B_IW_GRDH_1SDV_20180327T183408_29SNB_37_58,S2B_MSIL2A_20180326T112109_N9999_R037_T29SNB_37_58,37.313755531658444,-8.492379209450318,Portugal,Spring,"Temperate, dry summer, hot summer"
S1B_IW_GRDH_1SDV_20180327T183408_29SNB_40_39,S2B_MSIL2A_20180326T112109_N9999_R037_T29SNB_40_39,37.51907934395274,-8.450253067773822,Portugal,Spring,"Temperate, dry summer, hot summer"
S1B_IW_GRDH_1SDV_20180327T183408_29SNB_41_42,S2B_MSIL2A_20180326T112109_N9999_R037_T29SNB_41_42,37.48656774559982,-8.436917814518843,Portugal,Spring,"Temperate, dry summer, hot summer"
S1B_IW_GRDH_1SDV_20180327T183408_29SNB_42_38,S2B_MSIL2A_20180326T112109_N9999_R037_T29SNB_42_38,37.52976561767878,-8.423011831829927,Portugal,Spring,"Temperate, dry summer, hot summer"
S1B_IW_GRDH_1SDV_20180327T183408_29SNB_44_43,S2B_MSIL2A_20180326T112109_N9999_R037_T29SNB_44_43,37.475550824856576,-8.396285752265689,Portugal,Spring,"Temperate, dry summer, hot summer"
S1B_IW_GRDH_1SDV_20180327T183408_29SNB_47_55,S2B_MSIL2A_20180326T112109_N9999_R037_T29SNB_47_55,37.34554523310939,-8.356683835833474,Portugal,Spring,"Temperate, dry summer, hot summer"
S1B_IW_GRDH_1SDV_20180327T183408_29SNB_52_54,S2B_MSIL2A_20180326T112109_N9999_R037_T29SNB_52_54,37.3559733202688,-8.288845096766755,Portugal,Spring,"Temperate, dry summer, hot summer"
S1B_IW_GRDH_1SDV_20180327T183408_29SNB_57_66,S2B_MSIL2A_20180326T112109_N9999_R037_T29SNB_57_66,37.225757221443736,-8.222436912360472,Portugal,Spring,"Temperate, dry summer, hot summer"
S1B_IW_GRDH_1SDV_20180327T183408_29SNB_60_47,S2B_MSIL2A_20180326T112109_N9999_R037_T29SNB_60_47,37.430980383888745,-8.179628975159469,Portugal,Spring,"Temperate, dry summer, hot summer"
S1B_IW_GRDH_1SDV_20180327T183408_29SNB_63_64,S2B_MSIL2A_20180326T112109_N9999_R037_T29SNB_63_64,37.24682793580561,-8.14103888763464,Portugal,Spring,"Temperate, dry summer, hot summer"
S1B_IW_GRDH_1SDV_20180327T183408_29SNB_64_62,S2B_MSIL2A_20180326T112109_N9999_R037_T29SNB_64_62,37.268360190952805,-8.127260273564227,Portugal,Spring,"Temperate, dry summer, hot summer"
S1B_IW_GRDH_1SDV_20180327T183408_29SNB_64_63,S2B_MSIL2A_20180326T112109_N9999_R037_T29SNB_64_63,37.25754461428245,-8.127385075286798,Portugal,Spring,"Temperate, dry summer, hot summer"
S1B_IW_GRDH_1SDV_20180327T183408_29SNB_67_37,S2B_MSIL2A_20180326T112109_N9999_R037_T29SNB_67_37,37.53843379069838,-8.083373926827994,Portugal,Spring,"Temperate, dry summer, hot summer"
S1A_IW_GRDH_1SDV_20180417T155012_34WFV_47_45,S2B_MSIL2A_20180417T102019_N9999_R065_T34WFV_47_45,67.08482370437058,24.614981424957396,Finland,Spring,"Cold, no dry season, cold summer"
S1A_IW_GRDH_1SDV_20180417T155012_34WFV_55_46,S2B_MSIL2A_20180417T102019_N9999_R065_T34WFV_55_46,67.06892998032937,24.833732107549732,Finland,Spring,"Cold, no dry season, cold summer"
S1A_IW_GRDH_1SDV_20180417T155012_34WFV_60_40,S2B_MSIL2A_20180417T102019_N9999_R065_T34WFV_60_40,67.12998723321246,24.981991936631786,Finland,Spring,"Cold, no dry season, cold summer"
S1A_IW_GRDH_1SDV_20180417T155012_34WFV_61_47,S2B_MSIL2A_20180417T102019_N9999_R065_T34WFV_61_47,67.05412914123987,24.99715752028268,Finland,Spring,"Cold, no dry season, cold summer"
S1A_IW_GRDH_1SDV_20180417T155012_34WFV_61_59,S2B_MSIL2A_20180417T102019_N9999_R065_T34WFV_61_59,66.9252671867335,24.976032829193596,Finland,Spring,"Cold, no dry season, cold summer"
S1A_IW_GRDH_1SDV_20180417T155012_34WFV_62_28,S2B_MSIL2A_20180417T102019_N9999_R065_T34WFV_62_28,67.2574491557771,25.058856121425755,Finland,Spring,"Cold, no dry season, cold summer"
S1A_IW_GRDH_1SDV_20180417T155012_34WFV_64_48,S2B_MSIL2A_20180417T102019_N9999_R065_T34WFV_64_48,67.0412976338725,25.07789067316222,Finland,Spring,"Cold, no dry season, cold summer"
S1A_IW_GRDH_1SDV_20180417T155012_34WFV_64_67,S2B_MSIL2A_20180417T102019_N9999_R065_T34WFV_64_67,66.83728350836225,25.043903927718606,Finland,Spring,"Cold, no dry season, cold summer"
S1A_IW_GRDH_1SDV_20180417T155012_34WFV_65_31,S2B_MSIL2A_20180417T102019_N9999_R065_T34WFV_65_31,67.22311122697042,25.136536161496334,Finland,Spring,"Cold, no dry season, cold summer"
S1A_IW_GRDH_1SDV_20180421T165046_33TWN_35_31,S2B_MSIL2A_20180421T100029_N9999_R122_T33TWN_35_31,47.512195036279216,15.56550236766192,Austria,Spring,"Cold, no dry season, warm summer"
S1A_IW_GRDH_1SDV_20180421T165046_33TWN_42_27,S2B_MSIL2A_20180421T100029_N9999_R122_T33TWN_42_27,47.55477768812793,15.677611015953062,Austria,Spring,"Cold, no dry season, warm summer"
S1A_IW_GRDH_1SDV_20180421T165046_33TWN_47_37,S2B_MSIL2A_20180421T100029_N9999_R122_T33TWN_47_37,47.44631256018939,15.755803247212986,Austria,Spring,"Cold, no dry season, warm summer"
S1A_IW_GRDH_1SDV_20180421T165046_33TWN_51_52,S2B_MSIL2A_20180421T100029_N9999_R122_T33TWN_51_52,47.283924357468486,15.816961305830777,Austria,Spring,"Cold, no dry season, warm summer"
S1A_IW_GRDH_1SDV_20180421T165046_33TWN_54_35,S2B_MSIL2A_20180421T100029_N9999_R122_T33TWN_54_35,47.46711682040419,15.867566704680545,Austria,Spring,"Cold, no dry season, warm summer"
S1A_IW_GRDH_1SDV_20180421T165046_33TWN_64_36,S2B_MSIL2A_20180421T100029_N9999_R122_T33TWN_64_36,47.45500564632805,16.02656747108182,Austria,Spring,"Cold, no dry season, warm summer"
S1A_IW_GRDH_1SDV_20180421T165046_33TWN_67_42,S2B_MSIL2A_20180421T100029_N9999_R122_T33TWN_67_42,47.389793218070594,16.07300155816418,Austria,Spring,"Cold, no dry season, warm summer"
S1A_IW_GRDH_1SDV_20180420T063917_29UPU_23_30,S2B_MSIL2A_20180421T114349_N9999_R123_T29UPU_23_30,52.905324018118534,-7.093785456593383,Ireland,Spring,"Temperate, no dry season, warm summer"
S1A_IW_GRDH_1SDV_20180420T063917_29UPU_25_38,S2B_MSIL2A_20180421T114349_N9999_R123_T29UPU_25_38,52.81849518668838,-7.061969889176664,Ireland,Spring,"Temperate, no dry season, warm summer"
S1A_IW_GRDH_1SDV_20180420T063917_29UPU_25_43,S2B_MSIL2A_20180421T114349_N9999_R123_T29UPU_25_43,52.76458754388587,-7.064364959052763,Ireland,Spring,"Temperate, no dry season, warm summer"
S1A_IW_GRDH_1SDV_20180420T063917_29UPU_27_34,S2B_MSIL2A_20180421T114349_N9999_R123_T29UPU_27_34,52.86103331833842,-7.024421282351629,Ireland,Spring,"Temperate, no dry season, warm summer"
S1A_IW_GRDH_1SDV_20180420T063917_29UPU_29_35,S2B_MSIL2A_20180421T114349_N9999_R123_T29UPU_29_35,52.849654130425066,-6.989293970002626,Ireland,Spring,"Temperate, no dry season, warm summer"
S1A_IW_GRDH_1SDV_20180420T063917_29UPU_30_68,S2B_MSIL2A_20180421T114349_N9999_R123_T29UPU_30_68,52.49357134122366,-6.987903017327591,Ireland,Spring,"Temperate, no dry season, warm summer"
S1A_IW_GRDH_1SDV_20180420T063917_29UPU_32_49,S2B_MSIL2A_20180421T114349_N9999_R123_T29UPU_32_49,52.69780658987732,-6.943000614467594,Ireland,Spring,"Temperate, no dry season, warm summer"
S1A_IW_GRDH_1SDV_20180420T063917_29UPU_33_28,S2B_MSIL2A_20180421T114349_N9999_R123_T29UPU_33_28,52.92388873976453,-6.914444142038074,Ireland,Spring,"Temperate, no dry season, warm summer"
S1A_IW_GRDH_1SDV_20180420T063917_29UPU_33_31,S2B_MSIL2A_20180421T114349_N9999_R123_T29UPU_33_31,52.89154772535094,-6.91599742625216,Ireland,Spring,"Temperate, no dry season, warm summer"
S1A_IW_GRDH_1SDV_20180420T063917_29UPU_35_50,S2B_MSIL2A_20180421T114349_N9999_R123_T29UPU_35_50,52.68609004914474,-6.8902845948769995,Ireland,Spring,"Temperate, no dry season, warm summer"
S1A_IW_GRDH_1SDV_20180420T063917_29UPU_36_38,S2B_MSIL2A_20180421T114349_N9999_R123_T29UPU_36_38,52.81513656207228,-6.866230669278339,Ireland,Spring,"Temperate, no dry season, warm summer"
S1A_IW_GRDH_1SDV_20180420T063917_29UPU_38_37,S2B_MSIL2A_20180421T114349_N9999_R123_T29UPU_38_37,52.825271149209975,-6.830108876732053,Ireland,Spring,"Temperate, no dry season, warm summer"
S1A_IW_GRDH_1SDV_20180420T063917_29UPU_39_42,S2B_MSIL2A_20180421T114349_N9999_R123_T29UPU_39_42,52.77104523841836,-6.815016745061147,Ireland,Spring,"Temperate, no dry season, warm summer"
S1A_IW_GRDH_1SDV_20180420T063917_29UPU_43_27,S2B_MSIL2A_20180421T114349_N9999_R123_T29UPU_43_27,52.93140185766753,-6.735520656000038,Ireland,Spring,"Temperate, no dry season, warm summer"
S1A_IW_GRDH_1SDV_20180420T063917_29UPU_45_59,S2B_MSIL2A_20180421T114349_N9999_R123_T29UPU_45_59,52.58578424018189,-6.717952922942632,Ireland,Spring,"Temperate, no dry season, warm summer"
S1A_IW_GRDH_1SDV_20180420T063917_29UPU_46_27,S2B_MSIL2A_20180421T114349_N9999_R123_T29UPU_46_27,52.930369512321406,-6.6820060219099675,Ireland,Spring,"Temperate, no dry season, warm summer"
S1A_IW_GRDH_1SDV_20180420T063917_29UPU_48_58,S2B_MSIL2A_20180421T114349_N9999_R123_T29UPU_48_58,52.59552787406223,-6.664287509962358,Ireland,Spring,"Temperate, no dry season, warm summer"
S1A_IW_GRDH_1SDV_20180420T063917_29UPU_50_51,S2B_MSIL2A_20180421T114349_N9999_R123_T29UPU_50_51,52.670275169998305,-6.62480141148485,Ireland,Spring,"Temperate, no dry season, warm summer"
S1A_IW_GRDH_1SDV_20180420T063917_29UPU_56_26,S2B_MSIL2A_20180421T114349_N9999_R123_T29UPU_56_26,52.93753163676407,-6.503027719211497,Ireland,Spring,"Temperate, no dry season, warm summer"
S1A_IW_GRDH_1SDV_20180420T063917_29UPU_56_46,S2B_MSIL2A_20180421T114349_N9999_R123_T29UPU_56_46,52.72198311255876,-6.5153636772844825,Ireland,Spring,"Temperate, no dry season, warm summer"
S1A_IW_GRDH_1SDV_20180420T063917_29UPU_56_58,S2B_MSIL2A_20180421T114349_N9999_R123_T29UPU_56_58,52.59264925366237,-6.5226902167124905,Ireland,Spring,"Temperate, no dry season, warm summer"
S1A_IW_GRDH_1SDV_20180420T063917_29UPU_57_49,S2B_MSIL2A_20180421T114349_N9999_R123_T29UPU_57_49,52.68927696116714,-6.499463481051467,Ireland,Spring,"Temperate, no dry season, warm summer"
S1A_IW_GRDH_1SDV_20180423T181437_29UPU_58_23,S2B_MSIL2A_20180421T114349_N9999_R123_T29UPU_58_23,52.96910677388782,-6.465461415040855,Ireland,Spring,"Temperate, no dry season, cold summer"
S1A_IW_GRDH_1SDV_20180420T063917_29UPU_58_35,S2B_MSIL2A_20180421T114349_N9999_R123_T29UPU_58_35,52.839783254882974,-6.473002027964413,Ireland,Spring,"Temperate, no dry season, warm summer"
S1A_IW_GRDH_1SDV_20180420T063917_29UPU_58_48,S2B_MSIL2A_20180421T114349_N9999_R123_T29UPU_58_48,52.69967873413694,-6.481106176900161,Ireland,Spring,"Temperate, no dry season, warm summer"
S1A_IW_GRDH_1SDV_20180420T063917_29UPU_60_37,S2B_MSIL2A_20180421T114349_N9999_R123_T29UPU_60_37,52.8174661449654,-6.438676022213724,Ireland,Spring,"Temperate, no dry season, warm summer"
S1A_IW_GRDH_1SDV_20180420T063852_29UPU_62_23,S2B_MSIL2A_20180421T114349_N9999_R123_T29UPU_62_23,52.967562056825315,-6.394061691061649,Ireland,Spring,"Temperate, no dry season, warm summer"
S1A_IW_GRDH_1SDV_20180420T063917_29UPU_64_58,S2B_MSIL2A_20180421T114349_N9999_R123_T29UPU_64_58,52.58960149946802,-6.381117625362388,Ireland,Spring,"Temperate, no dry season, warm summer"
S1A_IW_GRDH_1SDV_20180422T044621_34TEQ_23_54,S2B_MSIL2A_20180422T093029_N9999_R136_T34TEQ_23_54,44.564545373593056,21.354867137949093,Serbia,Spring,"Temperate, no dry season, hot summer"
S1A_IW_GRDH_1SDV_20180422T044556_34TEQ_25_39,S2B_MSIL2A_20180422T093029_N9999_R136_T34TEQ_25_39,44.726488585194424,21.386162927588256,Serbia,Spring,"Temperate, no dry season, hot summer"
S1A_IW_GRDH_1SDV_20180422T044556_34TEQ_31_24,S2B_MSIL2A_20180422T093029_N9999_R136_T34TEQ_31_24,44.888179514466835,21.478418898058454,Serbia,Spring,"Temperate, no dry season, hot summer"
S1A_IW_GRDH_1SDV_20180422T044621_34TEQ_32_52,S2B_MSIL2A_20180422T093029_N9999_R136_T34TEQ_32_52,44.58564728777816,21.491047663074326,Serbia,Spring,"Temperate, no dry season, hot summer"
S1A_IW_GRDH_1SDV_20180422T044556_34TEQ_36_38,S2B_MSIL2A_20180422T093029_N9999_R136_T34TEQ_36_38,44.736605665769524,21.552948305327458,Serbia,Spring,"Temperate, no dry season, hot summer"
S1A_IW_GRDH_1SDV_20180422T044621_34TEQ_50_62,S2B_MSIL2A_20180422T093029_N9999_R136_T34TEQ_50_62,44.47613086880025,21.761722988916688,Serbia,Spring,"Temperate, no dry season, hot summer"
S1A_IW_GRDH_1SDV_20180422T044621_34TEQ_51_64,S2B_MSIL2A_20180422T093029_N9999_R136_T34TEQ_51_64,44.45442458161996,21.776523747962543,Serbia,Spring,"Cold, no dry season, warm summer"
S1A_IW_GRDH_1SDV_20180422T044621_34TEQ_53_49,S2B_MSIL2A_20180422T093029_N9999_R136_T34TEQ_53_49,44.616247318959864,21.808927037673225,Serbia,Spring,"Cold, no dry season, warm summer"
S1A_IW_GRDH_1SDV_20180422T044556_34TEQ_54_46,S2B_MSIL2A_20180422T093029_N9999_R136_T34TEQ_54_46,44.64854486984729,21.824509058308557,Serbia,Spring,"Temperate, no dry season, hot summer"
S1A_IW_GRDH_1SDV_20180422T044621_34TEQ_54_54,S2B_MSIL2A_20180422T093029_N9999_R136_T34TEQ_54_54,44.562129322831716,21.823287515318928,Serbia,Spring,"Cold, no dry season, warm summer"
S1A_IW_GRDH_1SDV_20180422T044621_34TEQ_54_66,S2B_MSIL2A_20180422T093029_N9999_R136_T34TEQ_54_66,44.43250349112173,21.821465457131886,Serbia,Spring,"Cold, no dry season, warm summer"
S1A_IW_GRDH_1SDV_20180422T044621_34TEQ_58_66,S2B_MSIL2A_20180422T093029_N9999_R136_T34TEQ_58_66,44.432053851459536,21.88176808290057,Serbia,Spring,"Cold, no dry season, warm summer"
S1A_IW_GRDH_1SDV_20180422T044621_34TEQ_60_57,S2B_MSIL2A_20180422T093029_N9999_R136_T34TEQ_60_57,44.529034432839275,21.91343454628868,Serbia,Spring,"Cold, no dry season, warm summer"
S1A_IW_GRDH_1SDV_20180422T044621_34TEQ_60_59,S2B_MSIL2A_20180422T093029_N9999_R136_T34TEQ_60_59,44.50743072701657,21.913097064409584,Serbia,Spring,"Cold, no dry season, warm summer"
S1A_IW_GRDH_1SDV_20180422T044556_34TEQ_62_48,S2B_MSIL2A_20180422T093029_N9999_R136_T34TEQ_62_48,44.6260036983376,21.945208752311487,Serbia,Spring,"Temperate, no dry season, hot summer"
S1B_IW_GRDH_1SDV_20180423T043716_34TEQ_63_57,S2B_MSIL2A_20180422T093029_N9999_R136_T34TEQ_63_57,44.52866312718428,21.958735136317042,Serbia,Spring,"Cold, no dry season, warm summer"
S1B_IW_GRDH_1SDV_20180423T043716_34TEQ_64_51,S2B_MSIL2A_20180422T093029_N9999_R136_T34TEQ_64_51,44.59334485661981,21.974916931361573,Serbia,Spring,"Temperate, no dry season, hot summer"
S1B_IW_GRDH_1SDV_20180423T043716_34TEQ_66_62,S2B_MSIL2A_20180422T093029_N9999_R136_T34TEQ_66_62,44.4742658581034,22.003108255104408,Serbia,Spring,"Cold, no dry season, warm summer"
S1B_IW_GRDH_1SDV_20180423T043716_34TEQ_68_61,S2B_MSIL2A_20180422T093029_N9999_R136_T34TEQ_68_61,44.48479841056958,22.033470348519213,Serbia,Spring,"Cold, no dry season, warm summer"
S1A_IW_GRDH_1SDV_20180430T162450_34TEP_26_57,S2B_MSIL2A_20180502T093039_N9999_R136_T34TEP_26_57,43.63149034442624,21.393956995893106,Serbia,Spring,"Temperate, no dry season, hot summer"
S1A_IW_GRDH_1SDV_20180430T162450_34TEP_31_58,S2B_MSIL2A_20180502T093039_N9999_R136_T34TEP_31_58,43.620405274931095,21.468249153304537,Serbia,Spring,"Temperate, no dry season, hot summer"
S1A_IW_GRDH_1SDV_20180430T162450_34TEP_39_41,S2B_MSIL2A_20180502T093039_N9999_R136_T34TEP_39_41,43.80352723170046,21.589023134888482,Serbia,Spring,"Temperate, no dry season, hot summer"
S1A_IW_GRDH_1SDV_20180430T162450_34TEP_40_38,S2B_MSIL2A_20180502T093039_N9999_R136_T34TEP_40_38,43.835861231938736,21.604267404968123,Serbia,Spring,"Cold, no dry season, warm summer"
S1A_IW_GRDH_1SDV_20180430T162450_34TEP_40_41,S2B_MSIL2A_20180502T093039_N9999_R136_T34TEP_40_41,43.803449374567506,21.603940599483433,Serbia,Spring,"Temperate, no dry season, hot summer"
S1A_IW_GRDH_1SDV_20180430T162450_34TEP_42_36,S2B_MSIL2A_20180502T093039_N9999_R136_T34TEP_42_36,43.857307175032716,21.63434724255094,Serbia,Spring,"Temperate, no dry season, hot summer"
S1A_IW_GRDH_1SDV_20180430T162450_34TEP_46_40,S2B_MSIL2A_20180502T093039_N9999_R136_T34TEP_46_40,43.813745129366126,21.69356906803472,Serbia,Spring,"Cold, no dry season, warm summer"
S1A_IW_GRDH_1SDV_20180430T162450_34TEP_51_42,S2B_MSIL2A_20180502T093039_N9999_R136_T34TEP_51_42,43.79166082805828,21.76789000731454,Serbia,Spring,"Cold, no dry season, warm summer"
S1A_IW_GRDH_1SDV_20180430T162450_34TEP_53_35,S2B_MSIL2A_20180502T093039_N9999_R136_T34TEP_53_35,43.86708091824941,21.798725732184494,Serbia,Spring,"Cold, no dry season, warm summer"
S1A_IW_GRDH_1SDV_20180430T162450_34TEP_54_55,S2B_MSIL2A_20180502T093039_N9999_R136_T34TEP_54_55,43.65090393338331,21.810735409000866,Serbia,Spring,"Temperate, no dry season, hot summer"
S1A_IW_GRDH_1SDV_20180430T162450_34TEP_57_66,S2B_MSIL2A_20180502T093039_N9999_R136_T34TEP_57_66,43.53173700762791,21.853690382376392,Serbia,Spring,"Temperate, no dry season, hot summer"
S1A_IW_GRDH_1SDV_20180430T162450_34TEP_59_58,S2B_MSIL2A_20180502T093039_N9999_R136_T34TEP_59_58,43.617941233086505,21.884653568424,Serbia,Spring,"Cold, no dry season, warm summer"
S1A_IW_GRDH_1SDV_20180511T043832_34TFN_23_23,S2B_MSIL2A_20180509T092029_N9999_R093_T34TFN_23_23,43.08808075961932,22.57508312331355,Serbia,Spring,"Cold, no dry season, warm summer"
S1A_IW_GRDH_1SDV_20180511T043832_34TFN_29_41,S2B_MSIL2A_20180509T092029_N9999_R093_T34TFN_29_41,42.89240075875969,22.65827136586059,Serbia,Spring,"Cold, no dry season, warm summer"
S1A_IW_GRDH_1SDV_20180511T043832_34TFN_30_29,S2B_MSIL2A_20180509T092029_N9999_R093_T34TFN_30_29,43.02180576088243,22.676477922901004,Serbia,Spring,"Cold, no dry season, warm summer"
S1A_IW_GRDH_1SDV_20180511T043832_34TFN_35_23,S2B_MSIL2A_20180509T092029_N9999_R093_T34TFN_35_23,43.0855093405767,22.751926653316847,Serbia,Spring,"Cold, no dry season, warm summer"
S1A_IW_GRDH_1SDV_20180511T043832_34TFN_35_24,S2B_MSIL2A_20180509T092029_N9999_R093_T34TFN_35_24,43.07470844352629,22.751618855471783,Serbia,Spring,"Cold, no dry season, warm summer"
S1A_IW_GRDH_1SDV_20180511T043832_34TFN_35_36,S2B_MSIL2A_20180509T092029_N9999_R093_T34TFN_35_36,42.945095945185024,22.74793851919219,Serbia,Spring,"Cold, no dry season, warm summer"
S1A_IW_GRDH_1SDV_20180511T043832_34TFN_43_26,S2B_MSIL2A_20180509T092029_N9999_R093_T34TFN_43_26,43.05124266816111,22.86882397754291,Serbia,Spring,"Cold, no dry season, warm summer"
S1A_IW_GRDH_1SDV_20180511T043832_34TFN_43_29,S2B_MSIL2A_20180509T092029_N9999_R093_T34TFN_43_29,43.01884180805816,22.867840713113765,Serbia,Spring,"Cold, no dry season, warm summer"
S1A_IW_GRDH_1SDV_20180512T162925_34VDM_24_52,S2B_MSIL2A_20180511T100029_N9999_R122_T34VDM_24_52,59.86473765155468,19.738638376299853,Finland,Spring,"Cold, no dry season, warm summer"
S1A_IW_GRDH_1SDV_20180514T045835_34VDM_27_47,S2B_MSIL2A_20180511T100029_N9999_R122_T34VDM_27_47,59.91920207523073,19.800964490731108,Finland,Spring,"Cold, no dry season, warm summer"
S1A_IW_GRDH_1SDV_20180514T045835_34VDM_27_50,S2B_MSIL2A_20180511T100029_N9999_R122_T34VDM_27_50,59.886883326469174,19.802129008407068,Finland,Spring,"Cold, no dry season, warm summer"
S1A_IW_GRDH_1SDV_20180514T045835_34VDM_29_45,S2B_MSIL2A_20180511T100029_N9999_R122_T34VDM_29_45,59.94113138255962,19.84312901832738,Finland,Spring,"Cold, no dry season, warm summer"
S1A_IW_GRDH_1SDV_20180514T161304_34VDM_30_30,S2B_MSIL2A_20180511T100029_N9999_R122_T34VDM_30_30,60.10291220315102,19.85904428231679,Finland,Spring,"Cold, no dry season, warm summer"
S1A_IW_GRDH_1SDV_20180514T045835_34VDM_31_49,S2B_MSIL2A_20180511T100029_N9999_R122_T34VDM_31_49,59.898408130484206,19.887515739077774,Finland,Spring,"Cold, no dry season, warm summer"
S1A_IW_GRDH_1SDV_20180514T161304_34VDM_34_29,S2B_MSIL2A_20180511T100029_N9999_R122_T34VDM_34_29,60.114401177566904,19.94500904245659,Finland,Spring,"Cold, no dry season, warm summer"
S1A_IW_GRDH_1SDV_20180514T161304_34VDM_34_30,S2B_MSIL2A_20180511T100029_N9999_R122_T34VDM_34_30,60.10362806839636,19.945353543153413,Finland,Spring,"Cold, no dry season, warm summer"
S1A_IW_GRDH_1SDV_20180514T161304_34VDM_36_23,S2B_MSIL2A_20180511T100029_N9999_R122_T34VDM_36_23,60.17937729075136,19.98619160567447,Finland,Spring,"Cold, no dry season, warm summer"
S1A_IW_GRDH_1SDV_20180514T045835_34VDM_38_53,S2B_MSIL2A_20180511T100029_N9999_R122_T34VDM_38_53,59.85649442072448,20.038876396926177,Finland,Spring,"Cold, no dry season, warm summer"
S1A_IW_GRDH_1SDV_20180514T045835_34VDM_38_64,S2B_MSIL2A_20180511T100029_N9999_R122_T34VDM_38_64,59.73798110819861,20.04228026898842,Finland,Spring,"Cold, no dry season, warm summer"
S1A_IW_GRDH_1SDV_20180514T161304_34VDM_39_32,S2B_MSIL2A_20180511T100029_N9999_R122_T34VDM_39_32,60.08289678573796,20.05386381277102,Finland,Spring,"Cold, no dry season, warm summer"
S1A_IW_GRDH_1SDV_20180514T045835_34VDM_41_63,S2B_MSIL2A_20180511T100029_N9999_R122_T34VDM_41_63,59.74920643141581,20.106020923345366,Finland,Spring,"Cold, no dry season, warm summer"
S1A_IW_GRDH_1SDV_20180514T161304_34VDM_43_29,S2B_MSIL2A_20180511T100029_N9999_R122_T34VDM_43_29,60.11580672968667,20.13928310715605,Finland,Spring,"Cold, no dry season, warm summer"
S1A_IW_GRDH_1SDV_20180514T045835_34VDM_43_57,S2B_MSIL2A_20180511T100029_N9999_R122_T34VDM_43_57,59.81413564631725,20.14707333196114,Finland,Spring,"Cold, no dry season, warm summer"
S1A_IW_GRDH_1SDV_20180514T045835_34VDM_45_44,S2B_MSIL2A_20180511T100029_N9999_R122_T34VDM_45_44,59.95447089100415,20.186441194290914,Finland,Spring,"Cold, no dry season, warm summer"
S1A_IW_GRDH_1SDV_20180514T045835_34VDM_45_61,S2B_MSIL2A_20180511T100029_N9999_R122_T34VDM_45_61,59.771308474123536,20.19090152050788,Finland,Spring,"Cold, no dry season, warm summer"
S1A_IW_GRDH_1SDV_20180514T045835_34VDM_48_66,S2B_MSIL2A_20180511T100029_N9999_R122_T34VDM_48_66,59.71781413565346,20.256194016885356,Finland,Spring,"Cold, no dry season, warm summer"
S1A_IW_GRDH_1SDV_20180514T161304_34VDM_49_23,S2B_MSIL2A_20180511T100029_N9999_R122_T34VDM_49_23,60.181229348365235,20.267372436130476,Finland,Spring,"Cold, no dry season, warm summer"
S1A_IW_GRDH_1SDV_20180514T045835_34VDM_49_47,S2B_MSIL2A_20180511T100029_N9999_R122_T34VDM_49_47,59.92264962234689,20.273079673545883,Finland,Spring,"Cold, no dry season, warm summer"
S1A_IW_GRDH_1SDV_20180514T045835_34VDM_49_49,S2B_MSIL2A_20180511T100029_N9999_R122_T34VDM_49_49,59.90110083672609,20.273550600952678,Finland,Spring,"Cold, no dry season, warm summer"
S1A_IW_GRDH_1SDV_20180514T161304_34VDM_53_30,S2B_MSIL2A_20180511T100029_N9999_R122_T34VDM_53_30,60.10625987706474,20.35537394519497,Finland,Spring,"Cold, no dry season, warm summer"
S1A_IW_GRDH_1SDV_20180514T045835_34VDM_55_61,S2B_MSIL2A_20180511T100029_N9999_R122_T34VDM_55_61,59.772449608483974,20.40455604451526,Finland,Spring,"Cold, no dry season, warm summer"
S1A_IW_GRDH_1SDV_20180514T045835_34VDM_56_49,S2B_MSIL2A_20180511T100029_N9999_R122_T34VDM_56_49,59.901842704972765,20.423692533988294,Finland,Spring,"Cold, no dry season, warm summer"
S1A_IW_GRDH_1SDV_20180514T161304_34VDM_57_32,S2B_MSIL2A_20180511T100029_N9999_R122_T34VDM_57_32,60.0851032214328,20.44206701373733,Finland,Spring,"Cold, no dry season, warm summer"
S1A_IW_GRDH_1SDV_20180514T161304_34VDM_57_35,S2B_MSIL2A_20180511T100029_N9999_R122_T34VDM_57_35,60.05277974834515,20.442612544201662,Finland,Spring,"Cold, no dry season, warm summer"
S1A_IW_GRDH_1SDV_20180514T161304_34VDM_58_40,S2B_MSIL2A_20180511T100029_N9999_R122_T34VDM_58_40,59.998995810354614,20.465031326841086,Finland,Spring,"Cold, no dry season, warm summer"
S1A_IW_GRDH_1SDV_20180514T161304_34VDM_59_33,S2B_MSIL2A_20180511T100029_N9999_R122_T34VDM_59_33,60.07450352859493,20.48537195682256,Finland,Spring,"Cold, no dry season, warm summer"
S1A_IW_GRDH_1SDV_20180514T045835_34VDM_61_52,S2B_MSIL2A_20180511T100029_N9999_R122_T34VDM_61_52,59.869943096836025,20.53139638885326,Finland,Spring,"Cold, no dry season, warm summer"
S1A_IW_GRDH_1SDV_20180514T045835_34VDM_61_54,S2B_MSIL2A_20180511T100029_N9999_R122_T34VDM_61_54,59.84839312413973,20.531699331574707,Finland,Spring,"Cold, no dry season, warm summer"
S1A_IW_GRDH_1SDV_20180514T045835_34VDM_62_55,S2B_MSIL2A_20180511T100029_N9999_R122_T34VDM_62_55,59.837692491846305,20.55325912469205,Finland,Spring,"Cold, no dry season, warm summer"
S1A_IW_GRDH_1SDV_20180514T045835_34VDM_63_53,S2B_MSIL2A_20180511T100029_N9999_R122_T34VDM_63_53,59.85931352587408,20.574392697403017,Finland,Spring,"Cold, no dry season, warm summer"
S1A_IW_GRDH_1SDV_20180514T161304_34VDM_65_28,S2B_MSIL2A_20180511T100029_N9999_R122_T34VDM_65_28,60.12881704854431,20.614114251921627,Finland,Spring,"Cold, no dry season, warm summer"
S1A_IW_GRDH_1SDV_20180514T161304_34VDM_67_32,S2B_MSIL2A_20180511T100029_N9999_R122_T34VDM_67_32,60.08583687549386,20.657756846130592,Finland,Spring,"Cold, no dry season, warm summer"
S1A_IW_GRDH_1SDV_20180514T161304_34VDM_67_38,S2B_MSIL2A_20180511T100029_N9999_R122_T34VDM_67_38,60.0211878654529,20.65842538083256,Finland,Spring,"Cold, no dry season, warm summer"
S1A_IW_GRDH_1SDV_20180509T045023_34VDM_67_68,S2B_MSIL2A_20180511T100029_N9999_R122_T34VDM_67_68,59.69793317243839,20.66172285266172,Finland,Spring,"Cold, no dry season, warm summer"
S1A_IW_GRDH_1SDV_20180514T161304_34VDM_68_36,S2B_MSIL2A_20180511T100029_N9999_R122_T34VDM_68_36,60.0427915421843,20.67974430416824,Finland,Spring,"Cold, no dry season, warm summer"
S1A_IW_GRDH_1SDV_20180514T045835_34VDM_68_49,S2B_MSIL2A_20180511T100029_N9999_R122_T34VDM_68_49,59.902716646440055,20.681093810043823,Finland,Spring,"Cold, no dry season, warm summer"
S1A_IW_GRDH_1SDV_20180509T045023_34VDM_68_62,S2B_MSIL2A_20180511T100029_N9999_R122_T34VDM_68_62,59.7626387334844,20.682430103581307,Finland,Spring,"Cold, no dry season, warm summer"
S1A_IW_GRDH_1SDV_20180516T044113_35VNJ_25_26,S2B_MSIL2A_20180515T094029_N9999_R036_T35VNJ_25_26,61.94508643989099,27.582797796827453,Finland,Spring,"Cold, no dry season, cold summer"
S1A_IW_GRDH_1SDV_20180516T044113_35VNJ_29_46,S2B_MSIL2A_20180515T094029_N9999_R036_T35VNJ_29_46,61.72924106209429,27.669557768412737,Finland,Spring,"Cold, no dry season, warm summer"
S1A_IW_GRDH_1SDV_20180516T044113_35VNJ_33_23,S2B_MSIL2A_20180515T094029_N9999_R036_T35VNJ_33_23,61.976504478748396,27.766548949593183,Finland,Spring,"Cold, no dry season, cold summer"
S1B_IW_GRDH_1SDV_20180517T154802_35VNJ_35_65,S2B_MSIL2A_20180515T094029_N9999_R036_T35VNJ_35_65,61.523851043069854,27.800497565465403,Finland,Spring,"Cold, no dry season, warm summer"
S1A_IW_GRDH_1SDV_20180516T044113_35VNJ_36_54,S2B_MSIL2A_20180515T094029_N9999_R036_T35VNJ_36_54,61.642202722477855,27.826201740694216,Finland,Spring,"Cold, no dry season, warm summer"
S1B_IW_GRDH_1SDV_20180517T154802_35VNJ_46_26,S2B_MSIL2A_20180515T094029_N9999_R036_T35VNJ_46_26,61.94221941578563,28.062986932876974,Finland,Spring,"Cold, no dry season, warm summer"
S1B_IW_GRDH_1SDV_20180517T154802_35VNJ_47_55,S2B_MSIL2A_20180515T094029_N9999_R036_T35VNJ_47_55,61.629701921473504,28.07488811456584,Finland,Spring,"Cold, no dry season, warm summer"
S1B_IW_GRDH_1SDV_20180517T154802_35VNJ_50_53,S2B_MSIL2A_20180515T094029_N9999_R036_T35VNJ_50_53,61.65069228163426,28.143579201189517,Finland,Spring,"Cold, no dry season, warm summer"
S1B_IW_GRDH_1SDV_20180517T154802_35VNJ_51_55,S2B_MSIL2A_20180515T094029_N9999_R036_T35VNJ_51_55,61.6289607275587,28.16541548166826,Finland,Spring,"Cold, no dry season, warm summer"
S1B_IW_GRDH_1SDV_20180517T154802_35VNJ_57_61,S2B_MSIL2A_20180515T094029_N9999_R036_T35VNJ_57_61,61.563118075989124,28.298489646971806,Finland,Spring,"Cold, no dry season, warm summer"
S1B_IW_GRDH_1SDV_20180517T154802_35VNJ_58_29,S2B_MSIL2A_20180515T094029_N9999_R036_T35VNJ_58_29,61.907522928650685,28.33591387293581,Finland,Spring,"Cold, no dry season, warm summer"
S1B_IW_GRDH_1SDV_20180517T154802_35VNJ_59_46,S2B_MSIL2A_20180515T094029_N9999_R036_T35VNJ_59_46,61.724223506030306,28.35068126648898,Finland,Spring,"Cold, no dry season, warm summer"
S1B_IW_GRDH_1SDV_20180517T154802_35VNJ_68_29,S2B_MSIL2A_20180515T094029_N9999_R036_T35VNJ_68_29,61.90511813073511,28.564246731794082,Finland,Spring,"Cold, no dry season, warm summer"
S1B_IW_GRDH_1SDV_20180517T154802_35VNJ_68_38,S2B_MSIL2A_20180515T094029_N9999_R036_T35VNJ_68_38,61.80820505548138,28.559314473383534,Finland,Spring,"Cold, no dry season, warm summer"
S1B_IW_GRDH_1SDV_20180515T063421_29SNC_25_40,S2B_MSIL2A_20180515T112109_N9999_R037_T29SNC_25_40,38.41049533972064,-8.649736891746759,Portugal,Spring,"Temperate, dry summer, hot summer"
S1B_IW_GRDH_1SDV_20180515T063421_29SNC_25_47,S2B_MSIL2A_20180515T112109_N9999_R037_T29SNC_25_47,38.334793212647945,-8.650101634433595,Portugal,Spring,"Temperate, dry summer, hot summer"
S1B_IW_GRDH_1SDV_20180515T063421_29SNC_26_39,S2B_MSIL2A_20180515T112109_N9999_R037_T29SNC_26_39,38.42126795182062,-8.63593808510587,Portugal,Spring,"Temperate, dry summer, hot summer"
S1B_IW_GRDH_1SDV_20180515T063421_29SNC_27_38,S2B_MSIL2A_20180515T112109_N9999_R037_T29SNC_27_38,38.43203889857371,-8.62213517947273,Portugal,Spring,"Temperate, dry summer, hot summer"
S1B_IW_GRDH_1SDV_20180515T063421_29SNC_30_39,S2B_MSIL2A_20180515T112109_N9999_R037_T29SNC_30_39,38.421084239330405,-8.580952032249353,Portugal,Spring,"Temperate, dry summer, hot summer"
S1B_IW_GRDH_1SDV_20180515T063421_29SNC_34_47,S2B_MSIL2A_20180515T112109_N9999_R037_T29SNC_34_47,38.33435943252506,-8.526530719067216,Portugal,Spring,"Temperate, dry summer, hot summer"
S1B_IW_GRDH_1SDV_20180515T063421_29SNC_35_65,S2B_MSIL2A_20180515T112109_N9999_R037_T29SNC_35_65,38.13963946542027,-8.514097994052683,Portugal,Spring,"Temperate, dry summer, hot summer"
S1B_IW_GRDH_1SDV_20180515T063421_29SNC_36_45,S2B_MSIL2A_20180515T112109_N9999_R037_T29SNC_36_45,38.35587421313142,-8.498921911729022,Portugal,Spring,"Temperate, dry summer, hot summer"
S1B_IW_GRDH_1SDV_20180515T063421_29SNC_44_24,S2B_MSIL2A_20180515T112109_N9999_R037_T29SNC_44_24,38.58244712202584,-8.387132479508297,Portugal,Spring,"Temperate, dry summer, hot summer"
S1B_IW_GRDH_1SDV_20180515T063421_29SNC_44_25,S2B_MSIL2A_20180515T112109_N9999_R037_T29SNC_44_25,38.57163332856067,-8.387224360245845,Portugal,Spring,"Temperate, dry summer, hot summer"
S1B_IW_GRDH_1SDV_20180515T063421_29SNC_44_33,S2B_MSIL2A_20180515T112109_N9999_R037_T29SNC_44_33,38.485122253153726,-8.387957634575999,Portugal,Spring,"Temperate, dry summer, hot summer"
S1B_IW_GRDH_1SDV_20180515T063421_29SNC_44_39,S2B_MSIL2A_20180515T112109_N9999_R037_T29SNC_44_39,38.42023809801341,-8.38850552947493,Portugal,Spring,"Temperate, dry summer, hot summer"
S1B_IW_GRDH_1SDV_20180515T063421_29SNC_46_23,S2B_MSIL2A_20180515T112109_N9999_R037_T29SNC_46_23,38.59311331687052,-8.359483051648336,Portugal,Spring,"Temperate, dry summer, hot summer"
S1B_IW_GRDH_1SDV_20180515T063421_29SNC_52_64,S2B_MSIL2A_20180515T112109_N9999_R037_T29SNC_52_64,38.14926025325675,-8.281211292561158,Portugal,Spring,"Temperate, dry summer, hot summer"
S1B_IW_GRDH_1SDV_20180515T063421_29SNC_53_46,S2B_MSIL2A_20180515T112109_N9999_R037_T29SNC_53_46,38.34383010778979,-8.265560619404559,Portugal,Spring,"Temperate, dry summer, hot summer"
S1B_IW_GRDH_1SDV_20180515T063421_29SNC_55_50,S2B_MSIL2A_20180515T112109_N9999_R037_T29SNC_55_50,38.300399182247794,-8.238551231123505,Portugal,Spring,"Temperate, dry summer, hot summer"
S1B_IW_GRDH_1SDV_20180515T063421_29SNC_56_45,S2B_MSIL2A_20180515T112109_N9999_R037_T29SNC_56_45,38.35437871542534,-8.224252314503605,Portugal,Spring,"Temperate, dry summer, hot summer"
S1B_IW_GRDH_1SDV_20180515T063421_29SNC_60_47,S2B_MSIL2A_20180515T112109_N9999_R037_T29SNC_60_47,38.332375004320106,-8.169568055739846,Portugal,Spring,"Temperate, dry summer, hot summer"
S1B_IW_GRDH_1SDV_20180515T063421_29SNC_63_63,S2B_MSIL2A_20180515T112109_N9999_R037_T29SNC_63_63,38.15905572363092,-8.13044633765692,Portugal,Spring,"Temperate, dry summer, hot summer"
S1B_IW_GRDH_1SDV_20180515T063421_29SNC_64_27,S2B_MSIL2A_20180515T112109_N9999_R037_T29SNC_64_27,38.54824066642348,-8.112008475365588,Portugal,Spring,"Temperate, dry summer, hot summer"
S1B_IW_GRDH_1SDV_20180515T063421_29SNC_64_32,S2B_MSIL2A_20180515T112109_N9999_R037_T29SNC_64_32,38.49417458686557,-8.112672571395569,Portugal,Spring,"Temperate, dry summer, hot summer"
S1B_IW_GRDH_1SDV_20180515T063421_29SNC_64_42,S2B_MSIL2A_20180515T112109_N9999_R037_T29SNC_64_42,38.386040897629634,-8.113995433870231,Portugal,Spring,"Temperate, dry summer, hot summer"
S1B_IW_GRDH_1SDV_20180515T063421_29SNC_68_34,S2B_MSIL2A_20180515T112109_N9999_R037_T29SNC_68_34,38.47211844265526,-8.05791856772424,Portugal,Spring,"Temperate, dry summer, hot summer"
S1B_IW_GRDH_1SDV_20180515T063356_29SND_23_25,S2B_MSIL2A_20180515T112109_N9999_R037_T29SND_23_25,39.47408795033579,-8.672367568882317,Portugal,Spring,"Temperate, dry summer, hot summer"
S1B_IW_GRDH_1SDV_20180515T063356_29SND_23_53,S2B_MSIL2A_20180515T112109_N9999_R037_T29SND_23_53,39.17132810326608,-8.67377701955824,Portugal,Spring,"Temperate, dry summer, hot summer"
S1B_IW_GRDH_1SDV_20180515T063356_29SND_24_51,S2B_MSIL2A_20180515T112109_N9999_R037_T29SND_24_51,39.192914584942265,-8.659781333282686,Portugal,Spring,"Temperate, dry summer, hot summer"
S1B_IW_GRDH_1SDV_20180515T063356_29SND_25_47,S2B_MSIL2A_20180515T112109_N9999_R037_T29SND_25_47,39.23612527127108,-8.64566832489187,Portugal,Spring,"Temperate, dry summer, hot summer"
S1B_IW_GRDH_1SDV_20180515T063356_29SND_30_47,S2B_MSIL2A_20180515T112109_N9999_R037_T29SND_30_47,39.23589303937606,-8.576147719258842,Portugal,Spring,"Temperate, dry summer, hot summer"
S1B_IW_GRDH_1SDV_20180515T063356_29SND_31_67,S2B_MSIL2A_20180515T112109_N9999_R037_T29SND_31_67,39.019580098588506,-8.563580368802151,Portugal,Spring,"Temperate, dry summer, hot summer"
S1B_IW_GRDH_1SDV_20180515T063356_29SND_32_43,S2B_MSIL2A_20180515T112109_N9999_R037_T29SND_32_43,39.27903978019896,-8.54806210464512,Portugal,Spring,"Temperate, dry summer, hot summer"
S1B_IW_GRDH_1SDV_20180515T063356_29SND_32_46,S2B_MSIL2A_20180515T112109_N9999_R037_T29SND_32_46,39.246601372139324,-8.548270367688165,Portugal,Spring,"Temperate, dry summer, hot summer"
S1B_IW_GRDH_1SDV_20180515T063356_29SND_34_65,S2B_MSIL2A_20180515T112109_N9999_R037_T29SND_34_65,39.041043508313514,-8.52185018732336,Portugal,Spring,"Temperate, dry summer, hot summer"
S1B_IW_GRDH_1SDV_20180515T063356_29SND_36_26,S2B_MSIL2A_20180515T112109_N9999_R037_T29SND_36_26,39.46262320166898,-8.491079749144152,Portugal,Spring,"Temperate, dry summer, hot summer"
S1B_IW_GRDH_1SDV_20180515T063356_29SND_37_49,S2B_MSIL2A_20180515T112109_N9999_R037_T29SND_37_49,39.21387268492826,-8.47898028270752,Portugal,Spring,"Temperate, dry summer, hot summer"
S1B_IW_GRDH_1SDV_20180515T063356_29SND_38_68,S2B_MSIL2A_20180515T112109_N9999_R037_T29SND_38_68,39.00836362027271,-8.466631684225083,Portugal,Spring,"Temperate, dry summer, hot summer"
S1B_IW_GRDH_1SDV_20180515T063356_29SND_39_31,S2B_MSIL2A_20180515T112109_N9999_R037_T29SND_39_31,39.40837096024113,-8.449658865806404,Portugal,Spring,"Temperate, dry summer, hot summer"
S1B_IW_GRDH_1SDV_20180515T063356_29SND_41_27,S2B_MSIL2A_20180515T112109_N9999_R037_T29SND_41_27,39.45148485744891,-8.421425447792735,Portugal,Spring,"Temperate, dry summer, hot summer"
S1B_IW_GRDH_1SDV_20180515T063356_29SND_41_34,S2B_MSIL2A_20180515T112109_N9999_R037_T29SND_41_34,39.375798710552715,-8.422050707082096,Portugal,Spring,"Temperate, dry summer, hot summer"
S1B_IW_GRDH_1SDV_20180515T063356_29SND_41_42,S2B_MSIL2A_20180515T112109_N9999_R037_T29SND_41_42,39.28929903784675,-8.422762409381388,Portugal,Spring,"Temperate, dry summer, hot summer"
S1B_IW_GRDH_1SDV_20180515T063356_29SND_41_54,S2B_MSIL2A_20180515T112109_N9999_R037_T29SND_41_54,39.15954709228831,-8.423824233964215,Portugal,Spring,"Temperate, dry summer, hot summer"
S1B_IW_GRDH_1SDV_20180515T063356_29SND_41_55,S2B_MSIL2A_20180515T112109_N9999_R037_T29SND_41_55,39.14873429825479,-8.423912410314845,Portugal,Spring,"Temperate, dry summer, hot summer"
S1B_IW_GRDH_1SDV_20180515T063356_29SND_41_65,S2B_MSIL2A_20180515T112109_N9999_R037_T29SND_41_65,39.040605242501016,-8.424791570744189,Portugal,Spring,"Temperate, dry summer, hot summer"
S1B_IW_GRDH_1SDV_20180515T063356_29SND_42_49,S2B_MSIL2A_20180515T112109_N9999_R037_T29SND_42_49,39.213541130828496,-8.40948334546442,Portugal,Spring,"Temperate, dry summer, hot summer"
S1B_IW_GRDH_1SDV_20180515T063356_29SND_45_34,S2B_MSIL2A_20180515T112109_N9999_R037_T29SND_45_34,39.375508592223106,-8.366325422037626,Portugal,Spring,"Temperate, dry summer, hot summer"
S1B_IW_GRDH_1SDV_20180515T063356_29SND_47_23,S2B_MSIL2A_20180515T112109_N9999_R037_T29SND_47_23,39.49428657790649,-8.337337246717238,Portugal,Spring,"Temperate, dry summer, hot summer"
S1B_IW_GRDH_1SDV_20180515T063356_29SND_47_25,S2B_MSIL2A_20180515T112109_N9999_R037_T29SND_47_25,39.4726625702392,-8.337542442095724,Portugal,Spring,"Temperate, dry summer, hot summer"
S1B_IW_GRDH_1SDV_20180515T063356_29SND_48_56,S2B_MSIL2A_20180515T112109_N9999_R037_T29SND_48_56,39.137400669059375,-8.326810782357533,Portugal,Spring,"Temperate, dry summer, hot summer"
S1B_IW_GRDH_1SDV_20180515T063356_29SND_54_25,S2B_MSIL2A_20180515T112109_N9999_R037_T29SND_54_25,39.47206526045618,-8.239890391940794,Portugal,Spring,"Temperate, dry summer, hot summer"
S1B_IW_GRDH_1SDV_20180515T063356_29SND_55_63,S2B_MSIL2A_20180515T112109_N9999_R037_T29SND_55_63,39.061111563824774,-8.230447005380203,Portugal,Spring,"Temperate, dry summer, hot summer"
S1B_IW_GRDH_1SDV_20180515T063356_29SND_59_52,S2B_MSIL2A_20180515T112109_N9999_R037_T29SND_59_52,39.1796673686682,-8.173583819527217,Portugal,Spring,"Temperate, dry summer, hot summer"
S1B_IW_GRDH_1SDV_20180515T063356_29SND_60_47,S2B_MSIL2A_20180515T112109_N9999_R037_T29SND_60_47,39.233628399753435,-8.159047487221395,Portugal,Spring,"Temperate, dry summer, hot summer"
S1B_IW_GRDH_1SDV_20180515T063356_29SND_62_57,S2B_MSIL2A_20180515T112109_N9999_R037_T29SND_62_57,39.1253038166361,-8.132572456113158,Portugal,Spring,"Temperate, dry summer, hot summer"
S1B_IW_GRDH_1SDV_20180515T063356_29SND_63_56,S2B_MSIL2A_20180515T112109_N9999_R037_T29SND_63_56,39.13601179409512,-8.11855665710728,Portugal,Spring,"Temperate, dry summer, hot summer"
S1B_IW_GRDH_1SDV_20180515T063356_29SND_65_43,S2B_MSIL2A_20180515T112109_N9999_R037_T29SND_65_43,39.276352915305594,-8.088976483057124,Portugal,Spring,"Temperate, dry summer, hot summer"
S1B_IW_GRDH_1SDV_20180515T063356_29SND_66_27,S2B_MSIL2A_20180515T112109_N9999_R037_T29SND_66_27,39.449227850142115,-8.072781283371073,Portugal,Spring,"Temperate, dry summer, hot summer"
S1B_IW_GRDH_1SDV_20180515T063356_29SND_66_44,S2B_MSIL2A_20180515T112109_N9999_R037_T29SND_66_44,39.26543153265107,-8.0752080044876,Portugal,Spring,"Temperate, dry summer, hot summer"
S1A_IW_GRDH_1SDV_20180521T044858_34WFS_24_36,S2B_MSIL2A_20180521T100029_N9999_R122_T34WFS_24_36,64.50645924951841,23.695059377931955,Finland,Spring,"Cold, no dry season, warm summer"
S1A_IW_GRDH_1SDV_20180521T044858_34WFS_26_65,S2B_MSIL2A_20180521T100029_N9999_R122_T34WFS_26_65,64.19361022275702,23.71404680797544,Finland,Spring,"Cold, no dry season, warm summer"
S1A_IW_GRDH_1SDV_20180521T044858_34WFS_29_25,S2B_MSIL2A_20180521T100029_N9999_R122_T34WFS_29_25,64.62242513086385,23.832107484464487,Finland,Spring,"Cold, no dry season, warm summer"
S1A_IW_GRDH_1SDV_20180521T044858_34WFS_30_37,S2B_MSIL2A_20180521T100029_N9999_R122_T34WFS_30_37,64.49288622212437,23.84367986890173,Finland,Spring,"Cold, no dry season, warm summer"
S1A_IW_GRDH_1SDV_20180521T044858_34WFS_31_43,S2B_MSIL2A_20180521T100029_N9999_R122_T34WFS_31_43,64.42787389228805,23.86187278017943,Finland,Spring,"Cold, no dry season, warm summer"
S1A_IW_GRDH_1SDV_20180521T044858_34WFS_34_29,S2B_MSIL2A_20180521T100029_N9999_R122_T34WFS_34_29,64.57695407676499,23.952738777727316,Finland,Spring,"Cold, no dry season, warm summer"
S1A_IW_GRDH_1SDV_20180521T044858_34WFS_34_30,S2B_MSIL2A_20180521T100029_N9999_R122_T34WFS_34_30,64.56620039165549,23.951573790619975,Finland,Spring,"Cold, no dry season, warm summer"
S1A_IW_GRDH_1SDV_20180521T044858_34WFS_35_50,S2B_MSIL2A_20180521T100029_N9999_R122_T34WFS_35_50,64.35062298041444,23.953300027859605,Finland,Spring,"Cold, no dry season, warm summer"
S1A_IW_GRDH_1SDV_20180521T044858_34WFS_41_33,S2B_MSIL2A_20180521T100029_N9999_R122_T34WFS_41_33,64.53033551425578,24.12291280806625,Finland,Spring,"Cold, no dry season, warm summer"
S1A_IW_GRDH_1SDV_20180521T044858_34WFS_49_27,S2B_MSIL2A_20180521T100029_N9999_R122_T34WFS_49_27,64.59046244835876,24.33052202734659,Finland,Spring,"Cold, no dry season, warm summer"
S1A_IW_GRDH_1SDV_20180521T044858_34WFS_51_26,S2B_MSIL2A_20180521T100029_N9999_R122_T34WFS_51_26,64.6000730530098,24.381898568546617,Finland,Spring,"Cold, no dry season, warm summer"
S1A_IW_GRDH_1SDV_20180521T044858_34WFS_53_37,S2B_MSIL2A_20180521T100029_N9999_R122_T34WFS_53_37,64.48068023162556,24.417112684071558,Finland,Spring,"Cold, no dry season, cold summer"
S1A_IW_GRDH_1SDV_20180521T044858_34WFS_55_28,S2B_MSIL2A_20180521T100029_N9999_R122_T34WFS_55_28,64.57624772921965,24.479257329158234,Finland,Spring,"Cold, no dry season, cold summer"
S1A_IW_GRDH_1SDV_20180521T044858_34WFS_59_33,S2B_MSIL2A_20180521T100029_N9999_R122_T34WFS_59_33,64.52011785447746,24.572220573997456,Finland,Spring,"Cold, no dry season, cold summer"
S1A_IW_GRDH_1SDV_20180521T044858_34WFS_59_46,S2B_MSIL2A_20180521T100029_N9999_R122_T34WFS_59_46,64.38040247060576,24.55404430531624,Finland,Spring,"Cold, no dry season, cold summer"
S1A_IW_GRDH_1SDV_20180521T044858_34WFS_60_61,S2B_MSIL2A_20180521T100029_N9999_R122_T34WFS_60_61,64.21858600159605,24.55800590728164,Finland,Spring,"Cold, no dry season, cold summer"
S1A_IW_GRDH_1SDV_20180521T044858_34WFS_68_32,S2B_MSIL2A_20180521T100029_N9999_R122_T34WFS_68_32,64.52524033460152,24.798222621728655,Finland,Spring,"Cold, no dry season, cold summer"
S1A_IW_GRDH_1SDV_20180523T043321_35VPJ_27_57,S2B_MSIL2A_20180522T093029_N9999_R136_T35VPJ_27_57,61.58940728750026,29.50605166302515,Finland,Spring,"Cold, no dry season, warm summer"
S1B_IW_GRDH_1SDV_20180524T042416_35VPJ_28_33,S2B_MSIL2A_20180522T093029_N9999_R136_T35VPJ_28_33,61.84727338301812,29.549893505544134,Finland,Spring,"Cold, no dry season, warm summer"
S1A_IW_GRDH_1SDV_20180523T043321_35VPJ_29_39,S2B_MSIL2A_20180522T093029_N9999_R136_T35VPJ_29_39,61.78228084618151,29.56726709632105,Finland,Spring,"Cold, no dry season, warm summer"
S1A_IW_GRDH_1SDV_20180523T043256_35VPJ_34_25,S2B_MSIL2A_20180522T093029_N9999_R136_T35VPJ_34_25,61.93075182542949,29.694085089501915,Finland,Spring,"Cold, no dry season, warm summer"
S1A_IW_GRDH_1SDV_20180523T043321_35VPJ_38_42,S2B_MSIL2A_20180522T093029_N9999_R136_T35VPJ_38_42,61.74602305150744,29.768864415473967,Finland,Spring,"Cold, no dry season, warm summer"
S1A_IW_GRDH_1SDV_20180523T043321_35VPJ_39_43,S2B_MSIL2A_20180522T093029_N9999_R136_T35VPJ_39_43,61.73480327334336,29.79058491021579,Finland,Spring,"Cold, no dry season, warm summer"
S1A_IW_GRDH_1SDV_20180523T043256_35VPJ_45_28,S2B_MSIL2A_20180522T093029_N9999_R136_T35VPJ_45_28,61.89333517769303,29.942102021851962,Finland,Spring,"Cold, no dry season, warm summer"
S1A_IW_GRDH_1SDV_20180523T043256_35VPJ_46_26,S2B_MSIL2A_20180522T093029_N9999_R136_T35VPJ_46_26,61.91436082481773,29.966987347873207,Finland,Spring,"Cold, no dry season, warm summer"
S1A_IW_GRDH_1SDV_20180523T043256_35VPJ_46_35,S2B_MSIL2A_20180522T093029_N9999_R136_T35VPJ_46_35,61.81754144588299,29.957631443953538,Finland,Spring,"Cold, no dry season, warm summer"
S1A_IW_GRDH_1SDV_20180523T043321_35VPJ_46_39,S2B_MSIL2A_20180522T093029_N9999_R136_T35VPJ_46_39,61.77450990796057,29.953494861032155,Finland,Spring,"Cold, no dry season, warm summer"
S1B_IW_GRDH_1SDV_20180524T153951_35VNH_25_52,S2B_MSIL2A_20180525T094029_N9999_R036_T35VNH_25_52,60.767665097529424,27.56130728068162,Finland,Spring,"Cold, no dry season, warm summer"
S1B_IW_GRDH_1SDV_20180524T153951_35VNH_30_54,S2B_MSIL2A_20180525T094029_N9999_R036_T35VNH_30_54,60.74561311880326,27.670981235583813,Finland,Spring,"Cold, no dry season, warm summer"
S1B_IW_GRDH_1SDV_20180524T153951_35VNH_38_51,S2B_MSIL2A_20180525T094029_N9999_R036_T35VNH_38_51,60.77693506025989,27.847904933942235,Finland,Spring,"Cold, no dry season, warm summer"
S1B_IW_GRDH_1SDV_20180524T153951_35VNH_40_39,S2B_MSIL2A_20180525T094029_N9999_R036_T35VNH_40_39,60.905918740298894,27.895573634830164,Finland,Spring,"Cold, no dry season, warm summer"
S1B_IW_GRDH_1SDV_20180524T153951_35VNH_48_44,S2B_MSIL2A_20180525T094029_N9999_R036_T35VNH_48_44,60.85076630498005,28.070710949387628,Finland,Spring,"Cold, no dry season, warm summer"
S1B_IW_GRDH_1SDV_20180524T153951_35VNH_61_34,S2B_MSIL2A_20180525T094029_N9999_R036_T35VNH_61_34,60.95588039749638,28.362306786491846,Finland,Spring,"Cold, no dry season, warm summer"
S1B_IW_GRDH_1SDV_20180524T153951_35VNH_65_26,S2B_MSIL2A_20180525T094029_N9999_R036_T35VNH_65_26,61.04111578974925,28.454839489681092,Finland,Spring,"Cold, no dry season, warm summer"
S1B_IW_GRDH_1SDV_20180524T154016_35VNK_25_23,S2B_MSIL2A_20180525T094029_N9999_R036_T35VNK_25_23,62.87513473259542,27.60116101907597,Finland,Spring,"Cold, no dry season, cold summer"
S1B_IW_GRDH_1SDV_20180524T154016_35VNK_26_29,S2B_MSIL2A_20180525T094029_N9999_R036_T35VNK_26_29,62.81041251355263,27.623379571880108,Finland,Spring,"Cold, no dry season, cold summer"
S1B_IW_GRDH_1SDV_20180524T154016_35VNK_40_26,S2B_MSIL2A_20180525T094029_N9999_R036_T35VNK_40_26,62.840874974169544,27.95392019492732,Finland,Spring,"Cold, no dry season, cold summer"
S1B_IW_GRDH_1SDV_20180524T154016_35VNK_40_49,S2B_MSIL2A_20180525T094029_N9999_R036_T35VNK_40_49,62.59318113316477,27.945968363308772,Finland,Spring,"Cold, no dry season, cold summer"
S1B_IW_GRDH_1SDV_20180524T154016_35VNK_53_37,S2B_MSIL2A_20180525T094029_N9999_R036_T35VNK_53_37,62.7200191190394,28.255116958552584,Finland,Spring,"Cold, no dry season, cold summer"
S1B_IW_GRDH_1SDV_20180524T154016_35VNK_63_65,S2B_MSIL2A_20180525T094029_N9999_R036_T35VNK_63_65,62.41623900970323,28.474697132373922,Finland,Spring,"Cold, no dry season, cold summer"
S1B_IW_GRDH_1SDV_20180524T154016_35VNK_66_65,S2B_MSIL2A_20180525T094029_N9999_R036_T35VNK_66_65,62.415484522961954,28.544356695927352,Finland,Spring,"Cold, no dry season, cold summer"
S1B_IW_GRDH_1SDV_20180524T154016_35VNL_24_44,S2B_MSIL2A_20180525T094029_N9999_R036_T35VNL_24_44,63.546709142549616,27.591117808165286,Finland,Spring,"Cold, no dry season, cold summer"
S1B_IW_GRDH_1SDV_20180524T154016_35VNL_29_28,S2B_MSIL2A_20180525T094029_N9999_R036_T35VNL_29_28,63.7184576825625,27.716151823092076,Finland,Spring,"Cold, no dry season, cold summer"
S1B_IW_GRDH_1SDV_20180524T154016_35VNL_29_56,S2B_MSIL2A_20180525T094029_N9999_R036_T35VNL_29_56,63.41693563923225,27.708619906882273,Finland,Spring,"Cold, no dry season, cold summer"
S1B_IW_GRDH_1SDV_20180524T154016_35VNL_33_56,S2B_MSIL2A_20180525T094029_N9999_R036_T35VNL_33_56,63.416426872328174,27.804747577826074,Finland,Spring,"Cold, no dry season, cold summer"
S1B_IW_GRDH_1SDV_20180524T154016_35VNL_33_58,S2B_MSIL2A_20180525T094029_N9999_R036_T35VNL_33_58,63.394889550822285,27.804144347070498,Finland,Spring,"Cold, no dry season, cold summer"
S1B_IW_GRDH_1SDV_20180524T154016_35VNL_35_31,S2B_MSIL2A_20180525T094029_N9999_R036_T35VNL_35_31,63.68535570631844,27.86089250507487,Finland,Spring,"Cold, no dry season, cold summer"
S1B_IW_GRDH_1SDV_20180524T154016_35VNL_35_35,S2B_MSIL2A_20180525T094029_N9999_R036_T35VNL_35_35,63.64228323617949,27.859587735101535,Finland,Spring,"Cold, no dry season, cold summer"
S1B_IW_GRDH_1SDV_20180524T154016_35VNL_36_63,S2B_MSIL2A_20180525T094029_N9999_R036_T35VNL_36_63,63.340623345780884,27.874545131247178,Finland,Spring,"Cold, no dry season, cold summer"
S1B_IW_GRDH_1SDV_20180524T154016_35VNL_38_51,S2B_MSIL2A_20180525T094029_N9999_R036_T35VNL_38_51,63.469541337605094,27.926639675873265,Finland,Spring,"Cold, no dry season, cold summer"
S1B_IW_GRDH_1SDV_20180524T154016_35VNL_40_39,S2B_MSIL2A_20180525T094029_N9999_R036_T35VNL_40_39,63.598437130306465,27.979209813043102,Finland,Spring,"Cold, no dry season, cold summer"
S1A_IW_GRDH_1SDV_20180525T153259_35VNL_41_31,S2B_MSIL2A_20180525T094029_N9999_R036_T35VNL_41_31,63.68441191575343,28.006438754724563,Finland,Spring,"Cold, no dry season, cold summer"
S1A_IW_GRDH_1SDV_20180525T153259_35VNL_42_27,S2B_MSIL2A_20180525T094029_N9999_R036_T35VNL_42_27,63.727310407288925,28.03226272343752,Finland,Spring,"Cold, no dry season, cold summer"
S1B_IW_GRDH_1SDV_20180524T154016_35VNL_43_61,S2B_MSIL2A_20180525T094029_N9999_R036_T35VNL_43_61,63.361032431544466,28.043092108990326,Finland,Spring,"Cold, no dry season, cold summer"
S1A_IW_GRDH_1SDV_20180525T153259_35VNL_44_38,S2B_MSIL2A_20180525T094029_N9999_R036_T35VNL_44_38,63.60851269193077,28.07634910008607,Finland,Spring,"Cold, no dry season, cold summer"
S1A_IW_GRDH_1SDV_20180525T153259_35VNL_51_41,S2B_MSIL2A_20180525T094029_N9999_R036_T35VNL_51_41,63.57484371934306,28.244269373886524,Finland,Spring,"Cold, no dry season, cold summer"
S1A_IW_GRDH_1SDV_20180525T153259_35VNL_65_42,S2B_MSIL2A_20180525T094029_N9999_R036_T35VNL_65_42,63.56074804829294,28.581891050472947,Finland,Spring,"Cold, no dry season, cold summer"
S1A_IW_GRDH_1SDV_20180525T153259_35VNL_66_38,S2B_MSIL2A_20180525T094029_N9999_R036_T35VNL_66_38,63.60354068210591,28.608465743877723,Finland,Spring,"Cold, no dry season, cold summer"
S1A_IW_GRDH_1SDV_20180525T153259_35VNL_68_30,S2B_MSIL2A_20180525T094029_N9999_R036_T35VNL_68_30,63.68910972709547,28.661858014444704,Finland,Spring,"Cold, no dry season, cold summer"
